record_id,study_id,year,arm_id,analysis_node,analysis_node_label,outcome_family,quantitative_outcome_slot,analysis_measure,reported_pct,analysis_pct,events_reported,events_analysis,total,timepoint_years,timepoint_type,direction,derivation_note,source_page_or_table,source_evidence
SCR00017,Kritfuangfoo 2026,2026,overall,mixed,Mixed/unclear,metastasis,secondary_5y_metastasis,5y_metastasis,22.2,22.2,,24,106,5.0,kaplan_meier,higher_worse,reported_event_rate,Table 5,Systemic metastasis 5 years 22.2 +/- 5.6.
SCR00017,Kritfuangfoo 2026,2026,overall,mixed,Mixed/unclear,overall_survival,secondary_5y_overall_survival,5y_overall_survival,78.2,78.2,,83,106,5.0,kaplan_meier,higher_better,reported_survival,Table 5,Overall survival 5 years 78.2 +/- 5.4.
SCR00017,Kritfuangfoo 2026,2026,overall,mixed,Mixed/unclear,disease_specific_survival,secondary_5y_disease_specific_survival,5y_disease_specific_survival,81.6,81.6,,86,106,5.0,kaplan_meier,higher_better,reported_survival,Table 5,Disease-specific survival 5 years 81.6 +/- 5.2.
SCR00062,Kim 2025,2025,arm_cirt,CIRT,Carbon ion,overall_survival,secondary_5y_overall_survival,5y_overall_survival,81.0,81.0,,156,192,5.0,kaplan_meier,higher_better,reported_survival,Page 3 and Figure 1,"5-year OS (CIRT: 81.0%, 95% CI 75.2%-87.2% vs SABR: 70.9%)."
SCR00062,Kim 2025,2025,arm_sabr,Photon_SRS_FSRT,Photon SRS/FSRT,overall_survival,secondary_5y_overall_survival,5y_overall_survival,70.9,70.9,,45,64,5.0,kaplan_meier,higher_better,reported_survival,Page 3 and Figure 1,"5-year OS SABR: 70.9%, 95% CI 60.0%-83.9%."
SCR00062,Kim 2025,2025,arm_cirt,CIRT,Carbon ion,local_recurrence,primary_5y_local_recurrence,5y_local_control_success,5.6,94.4,,181,192,5.0,kaplan_meier,higher_worse,converted_from_local_recurrence,Page 3 and Figure 1,"The 5-year local failure rate was 5.6% (95% CI, 2.0%-9.3%) for the CIRT group."
SCR00062,Kim 2025,2025,arm_sabr,Photon_SRS_FSRT,Photon SRS/FSRT,local_recurrence,primary_5y_local_recurrence,5y_local_control_success,13.4,86.6,,55,64,5.0,kaplan_meier,higher_worse,converted_from_local_recurrence,Page 3 and Figure 1,"The 5-year local failure rate was 13.4% (95% CI, 4.6%-22.2%) for the SABR group."
SCR00062,Kim 2025,2025,arm_cirt,CIRT,Carbon ion,metastasis,secondary_5y_metastasis,5y_metastasis,27.5,27.5,,53,192,5.0,kaplan_meier,higher_worse,reported_event_rate,Page 3 and Figure 1,"The 5-year distant failure rate CIRT: 27.5%, 95% CI 20.6%-34.3%."
SCR00062,Kim 2025,2025,arm_sabr,Photon_SRS_FSRT,Photon SRS/FSRT,metastasis,secondary_5y_metastasis,5y_metastasis,35.0,35.0,,22,64,5.0,kaplan_meier,higher_worse,reported_event_rate,Page 3 and Figure 1,"The 5-year distant failure rate SABR: 35.0%, 95% CI 22.1%-47.9%."
SCR00062,Kim 2025,2025,arm_cirt,CIRT,Carbon ion,secondary_enucleation,secondary_5y_eye_retention,5y_eye_retention_success,8.5,91.5,16.0,176,192,5.0,kaplan_meier,higher_worse,converted_from_secondary_enucleation,Page 3 and Figure 2,"In the PSM cohort, 16 CIRT patients underwent enucleation; 5-year cumulative incidence 8.5%."
SCR00062,Kim 2025,2025,arm_sabr,Photon_SRS_FSRT,Photon SRS/FSRT,secondary_enucleation,secondary_5y_eye_retention,5y_eye_retention_success,24.2,75.8,14.0,49,64,5.0,kaplan_meier,higher_worse,converted_from_secondary_enucleation,Page 3 and Figure 2,"In the PSM cohort, 14 SABR patients underwent enucleation; 5-year cumulative incidence 24.2%."
SCR00119,Zako 2025,2025,arm_pbrt,PBT,Proton beam,local_control,primary_5y_local_control,5y_local_control_success,96.0,96.0,,230,240,5.0,kaplan_meier,higher_better,reported_local_control,Page 5 and Figure 1,The PBRT cohort had 5-year LC of 96% (92-98%).
SCR00119,Zako 2025,2025,arm_pbrt,PBT,Proton beam,eye_retention,secondary_5y_eye_retention,5y_eye_retention_success,85.0,85.0,,204,240,5.0,kaplan_meier,higher_better,reported_eye_retention,Page 6,The 5-year and 10-year eye preservation in the PBRT cohort was 85% (95% CI 79-89%) and 83%.
SCR00119,Zako 2025,2025,arm_pbrt,PBT,Proton beam,metastasis_free_survival,secondary_5y_metastasis_free_survival,5y_metastasis_free_survival,87.0,87.0,,209,240,5.0,kaplan_meier,higher_better,reported_survival,Page 8,"The 5-, 10-, and 15-year DM-free rates in the PBRT cohort were 87% (95% CI 82-91%), 81%, and 73%."
SCR00119,Zako 2025,2025,arm_pbrt,PBT,Proton beam,overall_survival,secondary_5y_overall_survival,5y_overall_survival,90.0,90.0,,216,240,5.0,kaplan_meier,higher_better,reported_survival,Page 8,"The 5-, 10-, and 15-year OS rates were 90% (95% CI 85-94%), 84%, and 76%."
SCR00155,Kornblau 2025,2025,arm_i125,I125_plaque,I-125 plaque,local_recurrence,primary_5y_local_recurrence,5y_local_control_success,10.0,90.0,33.0,213,237,5.0,kaplan_meier,higher_worse,converted_from_local_recurrence,Pages 3-4 and Figure 1,Tumor recurrence was noted in 33 patients. Kaplan-Meier estimate of local recurrence was 10% at 5 years.
SCR00155,Kornblau 2025,2025,arm_i125,I125_plaque,I-125 plaque,eye_retention,secondary_5y_eye_retention,5y_eye_retention_success,88.7,88.7,,210,237,5.0,kaplan_meier,higher_better,reported_eye_retention,Page 4 and Figure 1,Kaplan-Meier estimate of an enucleation event was 11.3% at 5 years.
SCR00155,Kornblau 2025,2025,arm_i125,I125_plaque,I-125 plaque,secondary_enucleation,secondary_5y_enucleation,5y_enucleation,11.3,11.3,29.0,27,237,5.0,kaplan_meier,higher_worse,reported_event_rate,Page 4 and Figure 1,Enucleation was performed in 29 patients. The Kaplan-Meier estimate of an enucleation event was 11.3% at 5 years.
SCR00155,Kornblau 2025,2025,arm_i125,I125_plaque,I-125 plaque,metastasis,secondary_5y_metastasis,5y_metastasis,6.7,6.7,25.0,16,237,5.0,kaplan_meier,higher_worse,reported_event_rate,Page 4 and Figure 1,Metastasis occurred in 25 patients. Kaplan-Meier estimate was 6.7% at 5 years.
SCR00155,Kornblau 2025,2025,arm_i125,I125_plaque,I-125 plaque,radiation_optic_neuropathy,secondary_complications,complication_radiation_optic_neuropathy,46.0,46.0,109.0,109,237,,crude_at_followup,higher_worse,reported_event_rate,Page 5,"Radiation retinopathy and optic neuropathy were seen in 54.9% and 46%, respectively."
SCR00155,Kornblau 2025,2025,arm_i125,I125_plaque,I-125 plaque,other,secondary_complications,complication_other,54.9,54.9,130.0,130,237,,crude_at_followup,higher_worse,reported_event_rate,Page 5,More than half of the patients developed radiation retinopathy (n = 130).
SCR00155,Kornblau 2025,2025,arm_i125,I125_plaque,I-125 plaque,cataract_surgery,secondary_complications,complication_cataract_surgery,21.1,21.1,50.0,50,237,,crude_at_followup,higher_worse,reported_event_rate,Page 5,Other observed complications included cataracts (n = 77). Fifty patients underwent cataract extraction.
SCR00170,Pors 2025,2025,arm_ru106,Ru106_plaque,Ru-106 plaque,local_control,primary_5y_local_control,5y_local_control_success,92.0,92.0,,661,719,5.0,kaplan_meier,higher_better,reported_local_control,Pages 3 and 5,"In the complete cohort, the 5-year local failure rate was 8%; discussion states local control (92%)."
SCR00170,Pors 2025,2025,arm_ru106,Ru106_plaque,Ru-106 plaque,eye_retention,secondary_5y_eye_retention,5y_eye_retention_success,95.0,95.0,,683,719,5.0,kaplan_meier,higher_better,reported_eye_retention,Page 1 Abstract and Page 3,"Five-year overall survival, eye retention and local failure rates were 83%, 95%, and 8%, respectively."
SCR00170,Pors 2025,2025,arm_ru106,Ru106_plaque,Ru-106 plaque,overall_survival,secondary_5y_overall_survival,5y_overall_survival,83.0,83.0,,597,719,5.0,kaplan_meier,higher_better,reported_survival,Page 3,5-year overall survival was 83% (95% C.I. 80%-85%).
SCR00170,Pors 2025,2025,arm_ru106,Ru106_plaque,Ru-106 plaque,metastasis,secondary_5y_metastasis,5y_metastasis,12.0,12.0,92.0,86,719,5.0,kaplan_meier,higher_worse,reported_event_rate,Page 3,5-year probability of metastasis was 12% (95% C.I. 9%-14%); 92 patients developed metastases.
SCR00170,Pors 2025,2025,arm_ru106,Ru106_plaque,Ru-106 plaque,visual_acuity,secondary_5y_visual_acuity_20_200,5y_visual_acuity_20_200,32.0,32.0,,230,719,5.0,kaplan_meier,higher_worse,reported_event_rate,Page 3,The 5-year actuarial estimate of lasting VA below 0.1 was 32% (95% C.I. 28%-36%).
SCR00170,Pors 2025,2025,arm_ru106,Ru106_plaque,Ru-106 plaque,radiation_maculopathy,secondary_complications,complication_radiation_maculopathy,35.3,35.3,254.0,254,719,,crude_at_followup,higher_worse,reported_event_rate,Page 3 and Table 3,"Maculopathy occurred in 46 patients at baseline, and in 254 (35%) patients during follow-up."
SCR00170,Pors 2025,2025,arm_ru106,Ru106_plaque,Ru-106 plaque,radiation_optic_neuropathy,secondary_complications,complication_radiation_optic_neuropathy,11.1,11.1,80.0,80,719,,crude_at_followup,higher_worse,reported_event_rate,Page 3 and Table 3,Optic nerve disorder was reported in 80 (11%) patients.
SCR00170,Pors 2025,2025,arm_ru106,Ru106_plaque,Ru-106 plaque,cataract_surgery,secondary_complications,complication_cataract_surgery,20.1,20.1,122.0,122,606,,crude_at_followup,higher_worse,reported_event_rate,Page 3 and Table 3,"Cataract before treatment increased during follow-up, leading to cataract surgery in 122 (20%) patients."
SCR00193,Gallo 2025,2025,arm_ru106,Ru106_plaque,Ru-106 plaque,visual_acuity,secondary_5y_visual_acuity_20_200,5y_visual_acuity_20_200,13.2,13.2,77.0,41,310,5.0,kaplan_meier,higher_worse,reported_event_rate,Page 2 and Table 3,Kaplan-Meier estimates of poor final VA (>=1.0 logMAR) were 13.2% at 5 years.
SCR00193,Gallo 2025,2025,arm_ru106,Ru106_plaque,Ru-106 plaque,radiation_maculopathy,secondary_complications,complication_radiation_maculopathy,31.7,31.7,90.0,98,310,5.0,kaplan_meier,higher_worse,reported_event_rate,Table 3,Radiation maculopathy 77/103 at 5 years: 31.7% (95% CI 26.1 to 38.2).
SCR00193,Gallo 2025,2025,arm_ru106,Ru106_plaque,Ru-106 plaque,other,secondary_complications,complication_other,19.6,19.6,50.0,61,310,5.0,kaplan_meier,higher_worse,reported_event_rate,Table 3,Non-proliferative radiation retinopathy at 5 years 19.6% (95% CI 14.9 to 25.6).
SCR00193,Gallo 2025,2025,arm_ru106,Ru106_plaque,Ru-106 plaque,radiation_optic_neuropathy,secondary_complications,complication_radiation_optic_neuropathy,8.5,8.5,22.0,26,310,5.0,kaplan_meier,higher_worse,reported_event_rate,Table 3,Radiation optic neuropathy at 5 years 8.5% (95% CI 5.5 to 13).
SCR00193,Gallo 2025,2025,arm_ru106,Ru106_plaque,Ru-106 plaque,neovascular_glaucoma,secondary_complications,complication_neovascular_glaucoma,0.0,0.0,0.0,0,310,,crude_at_followup,higher_worse,reported_event_rate,Page 4,There were no cases of neovascular glaucoma and scleral necrosis.
SCR00201,Grajewski 2025,2025,arm_ru106,Ru106_plaque,Ru-106 plaque,radiation_maculopathy,secondary_complications,complication_radiation_maculopathy,17.9,17.9,10.0,10,56,,crude_at_followup,higher_worse,reported_event_rate,Page 5,Radiation maculopathy in 10 patients (17.9%).
SCR00201,Grajewski 2025,2025,arm_ru106,Ru106_plaque,Ru-106 plaque,radiation_optic_neuropathy,secondary_complications,complication_radiation_optic_neuropathy,12.5,12.5,7.0,7,56,,crude_at_followup,higher_worse,reported_event_rate,Page 5,Radiation optic neuropathy in 7 patients.
SCR00201,Grajewski 2025,2025,arm_ru106,Ru106_plaque,Ru-106 plaque,other,secondary_complications,complication_other,12.5,12.5,7.0,7,56,,crude_at_followup,higher_worse,reported_event_rate,Page 5,Radiation retinopathy was detected in 7 eyes.
SCR00224,Aoki 2025,2025,arm_cirt,CIRT,Carbon ion,local_control,primary_5y_local_control,5y_local_control_success,94.4,94.4,,236,250,5.0,kaplan_meier,higher_better,reported_local_control,Page 4,LC rates at 5-year and 8-year were 94.4% and 92.9%
SCR00224,Aoki 2025,2025,arm_cirt,CIRT,Carbon ion,overall_survival,secondary_5y_overall_survival,5y_overall_survival,87.5,87.5,,219,250,5.0,kaplan_meier,higher_better,reported_survival,Page 3,5-year and 8-year overall survival rates were 87.5% and 84.2%
SCR00224,Aoki 2025,2025,arm_cirt,CIRT,Carbon ion,metastasis_free_survival,secondary_5y_metastasis_free_survival,5y_metastasis_free_survival,79.8,79.8,,200,250,5.0,kaplan_meier,higher_better,reported_survival,Page 4,5-year and 8-year distant metastasis-free rates were 79.8% and 72.9%
SCR00224,Aoki 2025,2025,arm_cirt,CIRT,Carbon ion,eye_retention,secondary_5y_eye_retention,5y_eye_retention_success,93.2,93.2,,233,250,5.0,actuarial,higher_better,reported_eye_retention,Page 6/Table 3,Current CIRT row lists 5y-EPR 93.2
SCR00250,Gallo 2024,2024,arm_ru106,Ru106_plaque,Ru-106 plaque,local_recurrence,primary_5y_local_recurrence,5y_local_control_success,17.0,83.0,,257,310,5.0,kaplan_meier,higher_worse,converted_from_local_recurrence,Pages 3 and 5/Table 3,Kaplan-Meier estimates of tumour recurrence were 17% at 5 years
SCR00250,Gallo 2024,2024,arm_ru106,Ru106_plaque,Ru-106 plaque,secondary_enucleation,secondary_5y_secondary_enucleation,5y_enucleation,2.0,2.0,,6,310,5.0,kaplan_meier,higher_worse,reported_event_rate,Pages 3 and 5/Table 3,5-year and 10-year secondary enucleation rates were 2% and 11%
SCR00250,Gallo 2024,2024,arm_ru106,Ru106_plaque,Ru-106 plaque,metastasis,secondary_5y_metastasis,5y_metastasis,4.8,4.8,,15,310,5.0,kaplan_meier,higher_worse,reported_event_rate,Page 5/Table 3,Melanoma-related metastasis 5 years 4.8%
SCR00250,Gallo 2024,2024,arm_ru106,Ru106_plaque,Ru-106 plaque,overall_survival,secondary_5y_overall_survival,5y_overall_survival,98.0,98.0,,304,310,5.0,kaplan_meier,higher_better,reported_survival,Pages 1 and 5/Table 3,survival was 98% at 5 years
SCR00250,Gallo 2024,2024,arm_ru106,Ru106_plaque,Ru-106 plaque,melanoma_specific_survival,secondary_5y_melanoma_specific_survival,5y_melanoma_specific_survival,98.0,98.0,,304,310,5.0,kaplan_meier,higher_better,reported_survival,Page 5/Table 3,Melanoma-related death 5 years 2%
SCR00259,Phillips 2024,2024,arm_photon_fsrt,Photon_SRS_FSRT,Photon SRS/FSRT,metastasis_free_survival,secondary_5y_metastasis_free_survival,5y_metastasis_free_survival,88.0,88.0,,18,20,5.0,kaplan_meier,higher_better,reported_survival,Pages 1 and 3,5yMFS was 88% (95% CI: 61-97)
SCR00259,Phillips 2024,2024,arm_photon_fsrt,Photon_SRS_FSRT,Photon SRS/FSRT,local_control,primary_5y_local_control,5y_local_control_success,85.0,85.0,,17,20,5.0,kaplan_meier,higher_better,reported_local_control,Page 3,"tumour has progressed in three eyes (5yFFLP: 85%, 95% CI: 60-96)"
SCR00292,Riazi-Esfahani 2024,2024,overall,mixed,Mixed/unclear,overall_survival,secondary_5y_overall_survival,5y_overall_survival,94.7,94.7,,155,164,5.0,kaplan_meier,higher_better,reported_survival,Page 5,five-year OS rates were 0.947 +/- 0.019
SCR00321,Gill 2024,2024,arm_mixed_plaque,mixed,Mixed/unclear,cataract_surgery,secondary_complications,complication_cataract_surgery,27.0,27.0,,252,933,12.0,actuarial,higher_worse,reported_event_rate,Pages 1 and 7,12-year incidence of cataract surgery ... 27% (95% CI 23-31%)
SCR00321,Gill 2024,2024,arm_i125,I125_plaque,I-125 plaque,cataract_surgery,secondary_complications,complication_cataract_surgery,40.0,40.0,,,,12.0,actuarial,higher_worse,reported_event_rate,Page 5,12-year competing risk incidence ... Iodine-125 ... 40% (95% CI 34-47%)
SCR00321,Gill 2024,2024,arm_ru106,Ru106_plaque,Ru-106 plaque,cataract_surgery,secondary_complications,complication_cataract_surgery,21.0,21.0,,,,12.0,actuarial,higher_worse,reported_event_rate,Page 5,12-year incidence of 21% for patients treated with Ruthenium-106
SCR00328,Wu 2023,2023,arm_pbt,PBT,Proton beam,overall_survival,secondary_5y_overall_survival,5y_overall_survival,94.2,94.2,,209,222,5.0,kaplan_meier,higher_better,reported_survival,Page 3,all-cause mortality rate was 5.8% at 5 years
SCR00328,Wu 2023,2023,arm_pbt,PBT,Proton beam,melanoma_specific_survival,secondary_5y_melanoma_specific_survival,5y_melanoma_specific_survival,99.5,99.5,,221,222,5.0,kaplan_meier,higher_better,reported_survival,Page 3,melanoma-related mortality rate was 0.5% at 5 years
SCR00328,Wu 2023,2023,arm_pbt,PBT,Proton beam,neovascular_glaucoma,secondary_complications,complication_neovascular_glaucoma,4.5,4.5,10.0,10,222,,crude_at_followup,higher_worse,reported_event_rate,Page 3,NVG was present in 10 patients (4.5%)
SCR00338,Miguel 2023,2023,arm_i125,I125_plaque,I-125 plaque,visual_acuity,secondary_5y_visual_acuity_20_200,5y_visual_acuity_20_200,2.0,2.0,,1,61,5.0,kaplan_meier,higher_better,reported_event_rate,Page 4 and Figure 2,Blind subgroup 5 years 2% (95% CI 0-5%)
SCR00338,Miguel 2023,2023,arm_i125,I125_plaque,I-125 plaque,visual_acuity,secondary_5y_visual_acuity_20_200,5y_visual_acuity_20_200,17.0,17.0,,12,73,5.0,kaplan_meier,higher_better,reported_event_rate,Page 4 and Figure 2,Low-medium subgroup 5 years 17% (95% CI 7-27%)
SCR00338,Miguel 2023,2023,arm_i125,I125_plaque,I-125 plaque,visual_acuity,secondary_5y_visual_acuity_20_200,5y_visual_acuity_20_200,29.0,29.0,,25,85,5.0,kaplan_meier,higher_better,reported_event_rate,Page 5 and Figure 2,Medium-high subgroup 5 years 29% (95% CI 15-42%)
SCR00338,Miguel 2023,2023,arm_i125,I125_plaque,I-125 plaque,visual_acuity,secondary_5y_visual_acuity_20_200,5y_visual_acuity_20_200,48.0,48.0,,41,86,5.0,kaplan_meier,higher_better,reported_event_rate,Page 5 and Figure 2,Very-high subgroup 5 years 48% (95% CI 35-61%)
SCR00341,Shah 2024,2024,arm_i125,I125_plaque,I-125 plaque,visual_acuity,secondary_5y_visual_acuity_20_200,5y_visual_acuity_20_200,12.0,12.0,,2,19,5.0,kaplan_meier,higher_worse,reported_event_rate,Page 11/Table 5,Visual acuity <=20/200 at 60 months: lowest CST 12%
SCR00341,Shah 2024,2024,arm_i125,I125_plaque,I-125 plaque,visual_acuity,secondary_5y_visual_acuity_20_200,5y_visual_acuity_20_200,25.0,25.0,,11,45,5.0,kaplan_meier,higher_worse,reported_event_rate,Page 11/Table 5,Visual acuity <=20/200 at 60 months: middle CST 25%
SCR00341,Shah 2024,2024,arm_i125,I125_plaque,I-125 plaque,visual_acuity,secondary_5y_visual_acuity_20_200,5y_visual_acuity_20_200,72.0,72.0,,15,21,5.0,kaplan_meier,higher_worse,reported_event_rate,Page 11/Table 5,Visual acuity <=20/200 at 60 months: highest CST 72%
SCR00341,Shah 2024,2024,arm_i125,I125_plaque,I-125 plaque,radiation_maculopathy,secondary_complications,complication_radiation_maculopathy,72.5,72.5,29.0,29,40,5.0,kaplan_meier,higher_worse,reported_event_rate,Page 10/Table 4,Post-operative 60 months CME on OCT 29/40 (72.5%)
SCR00368,Stalhammar 2023,2023,arm_ru106_cca,Ru106_plaque,Ru-106 plaque,local_recurrence,primary_5y_local_recurrence,5y_local_control_success,21.0,79.0,,347,439,5.0,actuarial,higher_worse,converted_from_local_recurrence,Page 4,"5-, 10-, and 15-year incidence rates ... 21%, 26%, and 28% after CCA plaques"
SCR00368,Stalhammar 2023,2023,arm_ru106_ccb,Ru106_plaque,Ru-106 plaque,local_recurrence,primary_5y_local_recurrence,5y_local_control_success,13.0,87.0,,825,948,5.0,actuarial,higher_worse,converted_from_local_recurrence,Page 4,"13%, 15%, and 15% after treatment with CCB plaques"
SCR00414,Schmelter 2023,2023,arm_cyberknife,Photon_SRS_FSRT,Photon SRS/FSRT,neovascular_glaucoma,secondary_complications,complication_neovascular_glaucoma,18.1,18.1,103.0,103,568,,crude_at_followup,higher_worse,reported_event_rate,Results page 5,"Regarding all treated patients (N = 568), secondary neovascular glaucoma was observed in 18.1% of the eyes (n = 103)"
SCR00551,Sobti 2021,2021,arm_ru106_notched,Ru106_plaque,Ru-106 plaque,local_recurrence,primary_5y_local_control,5y_local_control_success,31.0,69.0,13.0,28,40,5.0,kaplan_meier,higher_worse,converted_from_local_recurrence,Results page 4 / Fig. 2,"The risk of local recurrence within 5 years was 31% (95% CI: 14.1%, 47.8%)"
SCR00551,Sobti 2021,2021,arm_ru106_notched,Ru106_plaque,Ru-106 plaque,eye_retention,secondary_5y_eye_retention,5y_eye_retention_success,88.5,88.5,,,,5.0,kaplan_meier,higher_better,reported_eye_retention,Results page 4,"The risk of enucleation within 5 years was 11.5% (95% CI: 0.9%, 21.8%)"
SCR00551,Sobti 2021,2021,arm_ru106_notched,Ru106_plaque,Ru-106 plaque,overall_survival,secondary_5y_overall_survival,5y_overall_survival,74.9,74.9,,,,5.0,kaplan_meier,higher_better,reported_survival,Results page 4,"The risk of all-cause mortality within 5 years was 25.1% (95% CI: 6.7%, 43.5%)"
SCR00551,Sobti 2021,2021,arm_ru106_notched,Ru106_plaque,Ru-106 plaque,radiation_maculopathy,secondary_complications,complication_radiation_maculopathy,10.0,10.0,4.0,4,40,,crude_at_followup,higher_worse,reported_event_rate,Results page 4,Complications included maculopathy in 4 patients (10%)
SCR00551,Sobti 2021,2021,arm_ru106_notched,Ru106_plaque,Ru-106 plaque,neovascular_glaucoma,secondary_complications,complication_neovascular_glaucoma,2.5,2.5,1.0,1,40,,crude_at_followup,higher_worse,reported_event_rate,Results page 4,Complications included ... neovascular glaucoma in 1 (2.5%)
SCR00555,Cennamo 2021,2021,arm_ru106,Ru106_plaque,Ru-106 plaque,radiation_maculopathy,secondary_complications,complication_radiation_maculopathy,38.0,38.0,135.0,133,350,5.0,crude_at_followup,higher_worse,reported_event_rate,Results and Table 1,"5 years after treatment, 135 patients (38%) showed radiation maculopathy"
SCR00555,Cennamo 2021,2021,arm_ru106,Ru106_plaque,Ru-106 plaque,radiation_optic_neuropathy,secondary_complications,complication_radiation_optic_neuropathy,11.0,11.0,40.0,38,350,5.0,crude_at_followup,higher_worse,reported_event_rate,Results and Table 1,"5 years after treatment, 40 patients (11%) had optic neuropathy"
SCR00581,Guleser 2022,2022,arm_gkrs,Photon_SRS_FSRT,Photon SRS/FSRT,overall_survival,secondary_5y_overall_survival,5y_overall_survival,88.0,88.0,,,,5.0,kaplan_meier,higher_better,reported_survival,Results and Table 2 / Fig. 1,The 5-year overall survival rate was similar in the GKRS (88%) and IBT (89%) groups
SCR00581,Guleser 2022,2022,arm_i125,I125_plaque,I-125 plaque,overall_survival,secondary_5y_overall_survival,5y_overall_survival,89.0,89.0,,,,5.0,kaplan_meier,higher_better,reported_survival,Results and Table 2 / Fig. 1,The 5-year overall survival rate was similar in the GKRS (88%) and IBT (89%) groups
SCR00581,Guleser 2022,2022,arm_gkrs,Photon_SRS_FSRT,Photon SRS/FSRT,radiation_maculopathy,secondary_complications,complication_radiation_maculopathy,38.0,38.0,20.0,20,52,,crude_at_followup,higher_worse,reported_event_rate,Table 2,"Radiation maculopathy (RM), n (%): 20 (38%)"
SCR00581,Guleser 2022,2022,arm_i125,I125_plaque,I-125 plaque,radiation_maculopathy,secondary_complications,complication_radiation_maculopathy,23.4,23.4,47.0,47,201,,crude_at_followup,higher_worse,reported_event_rate,Table 2,"Radiation maculopathy (RM), n (%): 47 (23.4%)"
SCR00581,Guleser 2022,2022,arm_gkrs,Photon_SRS_FSRT,Photon SRS/FSRT,radiation_optic_neuropathy,secondary_complications,complication_radiation_optic_neuropathy,13.4,13.4,7.0,7,52,,crude_at_followup,higher_worse,reported_event_rate,Table 2,"Radiation optic neuropathy (RON), n (%): 7 (13.4%)"
SCR00581,Guleser 2022,2022,arm_i125,I125_plaque,I-125 plaque,radiation_optic_neuropathy,secondary_complications,complication_radiation_optic_neuropathy,10.0,10.0,20.0,20,201,,crude_at_followup,higher_worse,reported_event_rate,Table 2,"Radiation optic neuropathy (RON), n (%): 20 (10%)"
SCR00581,Guleser 2022,2022,arm_gkrs,Photon_SRS_FSRT,Photon SRS/FSRT,neovascular_glaucoma,secondary_complications,complication_neovascular_glaucoma,8.0,8.0,4.0,4,52,,crude_at_followup,higher_worse,reported_event_rate,Table 2,"Neovascular glaucoma (NVG), n (%): 4 (8%)"
SCR00581,Guleser 2022,2022,arm_i125,I125_plaque,I-125 plaque,neovascular_glaucoma,secondary_complications,complication_neovascular_glaucoma,7.0,7.0,14.0,14,201,,crude_at_followup,higher_worse,reported_event_rate,Table 2,"Neovascular glaucoma (NVG), n (%): 14 (7%)"
SCR00727,Pica 2021,2021,arm_pbt,PBT,Proton beam,visual_acuity,secondary_5y_visual_acuity_20_200,5y_visual_acuity_20_200,57.0,57.0,176.0,177,310,5.0,crude_at_followup,higher_worse,reported_event_rate,Abstract and Table 1,Table 1 reports low visual outcome 176 (57%) of 310 patients
SCR00727,Pica 2021,2021,arm_pbt,PBT,Proton beam,radiation_optic_neuropathy,secondary_complications,complication_radiation_optic_neuropathy,43.0,43.0,133.0,133,310,,crude_at_followup,higher_worse,reported_event_rate,Table 2,Radiation-induced optic neuropathy: total 133 (43%)
SCR00727,Pica 2021,2021,arm_pbt,PBT,Proton beam,radiation_maculopathy,secondary_complications,complication_radiation_maculopathy,58.0,58.0,180.0,180,310,,crude_at_followup,higher_worse,reported_event_rate,Table 2,Radiation-induced maculopathy: total 180 (58%)
SCR00727,Pica 2021,2021,arm_pbt,PBT,Proton beam,neovascular_glaucoma,secondary_complications,complication_neovascular_glaucoma,4.0,4.0,11.0,12,310,,crude_at_followup,higher_worse,reported_event_rate,Table 2,"Neovascular glaucoma: 0 in GVO and 11 (4%) in PVO, total 11 (4%)"
SCR00730,Eibenberger 2021,2021,arm_linac_srt,Photon_SRS_FSRT,Photon SRS/FSRT,radiation_optic_neuropathy,secondary_complications,complication_radiation_optic_neuropathy,51.9,51.9,174.0,174,335,,crude_at_followup,higher_worse,reported_event_rate,Abstract and Table 2,Optic neuropathy (174/335 cases)
SCR00730,Eibenberger 2021,2021,arm_linac_srt,Photon_SRS_FSRT,Photon SRS/FSRT,neovascular_glaucoma,secondary_complications,complication_neovascular_glaucoma,21.2,21.2,71.0,71,335,,crude_at_followup,higher_worse,reported_event_rate,Abstract and Table 2,Neovascular glaucoma (n=71)
SCR00730,Eibenberger 2021,2021,arm_linac_srt,Photon_SRS_FSRT,Photon SRS/FSRT,cataract_surgery,secondary_complications,complication_cataract_surgery,21.8,21.8,73.0,73,335,,crude_at_followup,higher_worse,reported_event_rate,Abstract and Table 2,Cataract Surgery 73
SCR00765,Riechardt 2020,2020,arm_pbt,PBT,Proton beam,local_control,primary_5y_local_control,5y_local_control_success,96.7,96.7,,,,5.0,kaplan_meier,higher_better,reported_local_control,Results page 3,"Kaplan-Meier analysis, overall-survival was 94.9%, metastasis-free survival was 87.6%, and local tumor control rate was 96.7% after 5 years"
SCR00765,Riechardt 2020,2020,arm_pbt,PBT,Proton beam,overall_survival,secondary_5y_overall_survival,5y_overall_survival,94.9,94.9,,,,5.0,kaplan_meier,higher_better,reported_survival,Results page 3,"Kaplan-Meier analysis, overall-survival was 94.9% after 5 years"
SCR00765,Riechardt 2020,2020,arm_pbt,PBT,Proton beam,metastasis_free_survival,secondary_5y_metastasis_free_survival,5y_metastasis_free_survival,87.6,87.6,,,,5.0,kaplan_meier,higher_better,reported_survival,Results page 3,"Kaplan-Meier analysis, metastasis-free survival was 87.6% after 5 years"
SCR00765,Riechardt 2020,2020,arm_pbt,PBT,Proton beam,eye_retention,secondary_5y_eye_retention,5y_eye_retention_success,96.3,96.3,36.0,1087,1129,5.0,kaplan_meier,higher_better,reported_eye_retention,Results page 3,"Enucleation-free survival was 96.3% after 5 years; in total, 36 enucleations had to be performed"
SCR00765,Riechardt 2020,2020,arm_pbt,PBT,Proton beam,neovascular_glaucoma,secondary_complications,complication_neovascular_glaucoma,17.8,17.8,,,,5.0,kaplan_meier,higher_worse,reported_event_rate,Results page 3,Glaucoma-free survival was 86.1% after 3 years and 82.2% after 5 years
SCR00765,Riechardt 2020,2020,arm_pbt,PBT,Proton beam,radiation_optic_neuropathy,secondary_complications,complication_radiation_optic_neuropathy,59.1,59.1,,,,5.0,kaplan_meier,higher_worse,reported_event_rate,Results page 3,Radiation-induced optic neuropathy-free survival was 50.9% after 3 years and 40.9% after 5 years
SCR00765,Riechardt 2020,2020,arm_pbt,PBT,Proton beam,visual_acuity,secondary_5y_visual_acuity_20_200,5y_visual_acuity_20_200,68.0,68.0,,,,5.0,kaplan_meier,higher_worse,reported_event_rate,Results page 3,Kaplan-Meier estimators for the absence of visual impairment >=1.0 logMAR was 32.0%/5 years
SCR00827,Pagliara 2020,2020,arm_ru106,Ru106_plaque,Ru-106 plaque,visual_acuity,secondary_5y_visual_acuity_20_200,5y_visual_acuity_20_200,78.0,78.0,,119,152,5.0,actuarial,higher_better,reported_event_rate,"Page 3, Table III","VA >=20/200: 100% baseline, 93% at 1 year, 84% at 3 years, 78% at 5 years."
SCR00882,Espensen 2019,2019,arm_ru106,Ru106_plaque,Ru-106 plaque,local_control,primary_5y_local_control,5y_local_control_success,78.0,78.0,50.0,176,226,5.0,kaplan_meier,higher_better,reported_local_control,"Page 5, Table 2","50 recurrences were observed, and the overall five-year local control estimate was 78%."
SCR00882,Espensen 2019,2019,arm_ru106,Ru106_plaque,Ru-106 plaque,radiation_maculopathy,secondary_5y_radiation_maculopathy,5y_radiation_maculopathy,55.0,55.0,64.0,124,226,5.0,kaplan_meier,higher_worse,reported_event_rate,"Page 5, Table 2",Maculopathy: 64 (29%); 5-year probability of freedom from toxicity 45%.
SCR00882,Espensen 2019,2019,arm_ru106,Ru106_plaque,Ru-106 plaque,radiation_optic_neuropathy,secondary_5y_radiation_optic_neuropathy,5y_radiation_optic_neuropathy,32.0,32.0,62.0,72,226,5.0,kaplan_meier,higher_worse,reported_event_rate,"Page 5, Table 2",Optic neuropathy: 62 (28%); 5-year probability of freedom from toxicity 68%.
SCR00886,Toutee 2019,2019,arm_pbt,PBT,Proton beam,local_control,primary_5y_local_control,5y_local_control_success,100.0,100.0,0.0,424,424,5.0,crude_at_followup,higher_better,reported_local_control,Pages 3-4,All T1UM patients with at least 5 years of follow-up were included; no ocular recurrence was observed.
SCR00886,Toutee 2019,2019,arm_pbt,PBT,Proton beam,metastasis,secondary_5y_metastasis,5y_metastasis,2.8,2.8,12.0,12,424,5.0,crude_at_followup,higher_worse,reported_event_rate,"Page 4, Table 2 and page 8",Patients with UM metastases during 5-year follow-up: 12; T1UM can be life-threatening with 2.8% of metastases at 5 years.
SCR00886,Toutee 2019,2019,arm_pbt,PBT,Proton beam,visual_acuity,secondary_5y_visual_acuity_20_200,5y_visual_acuity_20_200,65.9,65.9,,279,424,5.0,kaplan_meier,higher_better,reported_event_rate,Page 6,The probability of patients retaining vision of 20/200 or better was 65.9% (CI95%: 61.5-70.7) at 5 years.
SCR00972,Furdova 2018,2018,arm_linac_srs,Photon_SRS_FSRT,Photon SRS/FSRT,overall_survival,secondary_5y_overall_survival,5y_overall_survival,84.0,84.0,,143,170,5.0,actuarial,higher_better,reported_survival,Page 1,"Survival after single dose stereotactic radiosurgery was 96% in one year, 93% in two years, 84% in five years."
SCR00986,Miguel 2018 Part II,2018,arm_i125,I125_plaque,I-125 plaque,radiation_optic_neuropathy,secondary_5y_radiation_optic_neuropathy,5y_radiation_optic_neuropathy,21.0,21.0,53.0,51,243,5.0,kaplan_meier,higher_worse,reported_event_rate,"Pages 1 and 3, Table 1",Neuropathy: 5-year survival probability 79%; crude events 53 of 243.
SCR00986,Miguel 2018 Part II,2018,arm_i125,I125_plaque,I-125 plaque,neovascular_glaucoma,secondary_5y_neovascular_glaucoma,5y_neovascular_glaucoma,11.0,11.0,29.0,27,243,5.0,kaplan_meier,higher_worse,reported_event_rate,"Pages 1 and 3, Table 1",Neovascular glaucoma: 5-year survival probability 89%; crude events 29 of 243.
SCR00987,Miguel 2018a,2018,arm_i125,I125_plaque,I-125 plaque,local_control,primary_5y_local_control,5y_local_control_success,94.0,94.0,,228,243,5.0,kaplan_meier,higher_better,reported_local_control,Page 4 Figure 1 and Table 4,5-year probability for no local recurrence 94% (95% CI 91-97%)
SCR00987,Miguel 2018a,2018,arm_i125,I125_plaque,I-125 plaque,eye_retention,secondary_5y_eye_retention,5y_eye_retention_success,88.0,88.0,,214,243,5.0,kaplan_meier,higher_better,reported_eye_retention,Page 4 Figure 1 and Table 4,5-year actuarial enucleation-free rate 88% (95% CI 84-92%)
SCR00987,Miguel 2018a,2018,arm_i125,I125_plaque,I-125 plaque,overall_survival,secondary_5y_overall_survival,5y_overall_survival,93.0,93.0,,226,243,5.0,kaplan_meier,higher_better,reported_survival,Page 5 Figure 1 and Table 4,5-year melanoma overall survival rate 93% (95% CI 90-96%)
SCR00987,Miguel 2018a,2018,arm_i125,I125_plaque,I-125 plaque,disease_specific_survival,secondary_5y_disease_specific_survival,5y_disease_specific_survival,96.0,96.0,,233,243,5.0,kaplan_meier,higher_better,reported_survival,Pages 5-6 Figure 1 and Table 4,5-year melanoma-specific survival rates were 96% (95% CI 93-99%)
SCR01026,Miguel 2018b,2018,arm_i125_visual_subset,I125_plaque,I-125 plaque,visual_acuity,secondary_5y_visual_acuity_20_200,5y_visual_acuity_20_200,58.0,58.0,,107,185,5.0,kaplan_meier,higher_worse,reported_event_rate,Page 4 Figure 2,VA preservation rates at 5 years were 42% (95% CI 33-51%)
SCR01073,Rospond-Kubiak 2017,2017,arm_ru106,Ru106_plaque,Ru-106 plaque,local_control,primary_5y_local_control,5y_local_control_success,83.3,83.3,,105,126,5.0,actuarial,higher_better,reported_local_control,Page 3,Local tumor control was 83.3% at 5 years
SCR01073,Rospond-Kubiak 2017,2017,arm_ru106,Ru106_plaque,Ru-106 plaque,eye_retention,secondary_5y_eye_retention,5y_eye_retention_success,92.7,92.7,,117,126,5.0,kaplan_meier,higher_better,reported_eye_retention,Page 3 Figure 2,The eye retention rate was 92.7% at 5 years
SCR01073,Rospond-Kubiak 2017,2017,arm_ru106,Ru106_plaque,Ru-106 plaque,metastasis_free_survival,secondary_5y_metastasis_free_survival,5y_metastasis_free_survival,84.6,84.6,,107,126,5.0,kaplan_meier,higher_better,reported_survival,Page 3 Figure 3,5-year cancer-free survival reached 84.6%
SCR01073,Rospond-Kubiak 2017,2017,arm_ru106,Ru106_plaque,Ru-106 plaque,radiation_maculopathy,secondary_complications,complication_radiation_maculopathy,39.7,39.7,50.0,50,126,,crude_at_followup,higher_worse,reported_event_rate,Page 4 Table 2,Radiation side effects: Maculopathy 50
SCR01073,Rospond-Kubiak 2017,2017,arm_ru106,Ru106_plaque,Ru-106 plaque,neovascular_glaucoma,secondary_complications,complication_neovascular_glaucoma,4.8,4.8,6.0,6,126,,crude_at_followup,higher_worse,reported_event_rate,Page 4 Table 2,Radiation side effects: Neovascular glaucoma 6
SCR01093,Danish 2018,2018,arm_ru106,Ru106_plaque,Ru-106 plaque,metastasis_free_survival,secondary_5y_metastasis_free_survival,5y_metastasis_free_survival,78.6,78.6,,33,42,5.0,kaplan_meier,higher_better,reported_survival,Page 3 Figure 1,Five-year DMFS was 78.6% in the 106Ru cohort
SCR01093,Danish 2018,2018,arm_ru106,Ru106_plaque,Ru-106 plaque,overall_survival,secondary_5y_overall_survival,5y_overall_survival,80.2,80.2,,34,42,5.0,kaplan_meier,higher_better,reported_survival,Page 3,Five-year OS was 80.2% in the 106Ru cohort
SCR01111,Papakostas 2017,2017,arm_pbt,PBT,Proton beam,local_control,primary_5y_local_control,5y_local_control_success,92.2,92.2,,310,336,5.0,kaplan_meier,higher_better,reported_local_control,Page 3,Tumors recurred locally in 7.8% (95% CI 4.8-12.6%) at 5 years
SCR01111,Papakostas 2017,2017,arm_pbt,PBT,Proton beam,eye_retention,secondary_5y_eye_retention,5y_eye_retention_success,77.4,77.4,,260,336,5.0,kaplan_meier,higher_better,reported_eye_retention,Page 4 Table 2,Eye retention 77.4% (95% CI 71.1-82.5%) at 5 years
SCR01111,Papakostas 2017,2017,arm_pbt,PBT,Proton beam,visual_acuity,secondary_5y_visual_acuity_20_200,5y_visual_acuity_20_200,15.9,15.9,,39,244,5.0,kaplan_meier,higher_better,reported_event_rate,Pages 3-4 Table 2,Visual acuity 20/200 or better 15.9% (95% CI 10.6-22.1%) at 5 years
SCR01111,Papakostas 2017,2017,arm_pbt,PBT,Proton beam,neovascular_glaucoma,secondary_complications,complication_neovascular_glaucoma,34.9,34.9,,117,336,5.0,kaplan_meier,higher_worse,reported_event_rate,Page 3 and Table 3,"By 5 years after irradiation, 34.9% had developed neovascular glaucoma"
SCR01111,Papakostas 2017,2017,arm_pbt,PBT,Proton beam,melanoma_specific_survival,secondary_5y_melanoma_specific_survival,5y_melanoma_specific_survival,68.0,68.0,,228,336,5.0,kaplan_meier,higher_better,reported_survival,Page 5 Discussion,The 5-year rate of melanoma-related mortality in our cohort was 32%
SCR01115,Meeralakshmi 2017,2017,arm_i125,I125_plaque,I-125 plaque,overall_survival,secondary_5y_overall_survival,5y_overall_survival,89.0,89.0,,20,22,5.0,kaplan_meier,higher_better,reported_survival,Pages 1-2 Table 2,Kaplan-Meier survival at 5 years for the brachytherapy group was 89%
SCR01115,Meeralakshmi 2017,2017,arm_i125,I125_plaque,I-125 plaque,radiation_optic_neuropathy,secondary_complications,complication_radiation_optic_neuropathy,18.0,18.0,4.0,4,22,,crude_at_followup,higher_worse,reported_event_rate,Page 2,Radiation neuropathy in 4 (18%)
SCR01150,Riechardt 2017,2017,arm_pbt,PBT,Proton beam,overall_survival,secondary_5y_overall_survival,5y_overall_survival,94.0,94.0,,591,629,5.0,kaplan_meier,higher_better,reported_survival,Page 2,5-year overall survival rate was 94% (92-96%)
SCR01150,Riechardt 2017,2017,arm_pbt,PBT,Proton beam,metastasis_free_survival,secondary_5y_metastasis_free_survival,5y_metastasis_free_survival,90.0,90.0,,566,629,5.0,kaplan_meier,higher_better,reported_survival,Page 2,Metastasis-free survival 90% (87-92%)
SCR01150,Riechardt 2017,2017,arm_pbt,PBT,Proton beam,melanoma_specific_survival,secondary_5y_melanoma_specific_survival,5y_melanoma_specific_survival,97.0,97.0,,610,629,5.0,kaplan_meier,higher_better,reported_survival,Page 2,Tumor-associated death was 3% (1.8-4.9%)
SCR01150,Riechardt 2017,2017,arm_pbt,PBT,Proton beam,neovascular_glaucoma,secondary_complications,complication_neovascular_glaucoma,10.5,10.5,,66,629,5.0,kaplan_meier,higher_worse,reported_event_rate,Page 3 Figure 1,The five-year Kaplan-Meier estimation for NVG was 10.5% (95% CI 8-13.5%)
SCR01150,Riechardt 2017,2017,arm_pbt,PBT,Proton beam,radiation_optic_neuropathy,secondary_complications,complication_radiation_optic_neuropathy,63.4,63.4,,399,629,5.0,kaplan_meier,higher_worse,reported_event_rate,Page 3,5-year Kaplan-Meier estimator was 36.6% for the absence of optic neuropathy
SCR01287,Seibel 2016,2016,arm_pbt,PBT,Proton beam,radiation_optic_neuropathy,secondary_complications,complication_radiation_optic_neuropathy,52.0,52.0,,586,1127,5.0,kaplan_meier,higher_worse,reported_event_rate,Pages 2-3 Figure 2,Optic neuropathy-free survival was 48.0% after 5 years; total 5-year incidence was 52%
SCR01310,Weber 2015,2015,arm_pbt,PBT,Proton beam,local_control,primary_5y_local_control,5y_local_control_success,85.1,85.1,,66,77,5.0,kaplan_meier,higher_better,reported_local_control,Page 3 Table 2,Ocular control all patients: 85.1% at 5 years
SCR01310,Weber 2015,2015,arm_pbt,PBT,Proton beam,metastasis_free_survival,secondary_5y_metastasis_free_survival,5y_metastasis_free_survival,71.6,71.6,,55,77,5.0,kaplan_meier,higher_better,reported_survival,Page 3 Table 2,Metastasis-free survival all patients: 71.6% at 5 years
SCR01310,Weber 2015,2015,arm_pbt,PBT,Proton beam,overall_survival,secondary_5y_overall_survival,5y_overall_survival,76.8,76.8,,59,77,5.0,kaplan_meier,higher_better,reported_survival,Page 3 Table 2,Overall survival all patients: 76.8% at 5 years
SCR01310,Weber 2015,2015,arm_pbt,PBT,Proton beam,eye_retention,secondary_5y_eye_retention,5y_eye_retention_success,78.0,78.0,,60,77,5.0,kaplan_meier,higher_better,reported_eye_retention,Page 3,The enucleation rate was 22% after both 5 and 10 years
SCR01310,Weber 2015,2015,arm_pbt,PBT,Proton beam,visual_acuity,secondary_5y_visual_acuity_20_200,5y_visual_acuity_20_200,37.0,37.0,,25,67,5.0,kaplan_meier,higher_better,reported_event_rate,Page 3,"Of 67 with initial VA 20/200 or better, conservation was 37% after 5 years"
SCR01310,Weber 2015,2015,arm_pbt,PBT,Proton beam,neovascular_glaucoma,secondary_complications,complication_neovascular_glaucoma,23.0,23.0,,18,77,,crude_at_followup,higher_worse,reported_event_rate,Page 3,Main ocular complications were ... NVG (23%)
SCR01330,Jancar 2016,2016,arm_ru106,Ru106_plaque,Ru-106 plaque,local_control,primary_5y_local_control,5y_local_control_success,78.0,78.0,,99,127,5.0,kaplan_meier,higher_better,reported_local_control,Page 4 Table 3,Ruthenium LRC 5 yrs 78
SCR01330,Jancar 2016,2016,arm_ru106,Ru106_plaque,Ru-106 plaque,metastasis,secondary_5y_metastasis,5y_metastasis,11.0,11.0,,14,127,5.0,actuarial,higher_worse,reported_event_rate,Page 5 Figure 2 text,At 5 years incidence was 11% for irradiated patients
SCR01330,Jancar 2016,2016,arm_ru106,Ru106_plaque,Ru-106 plaque,disease_specific_survival,secondary_5y_disease_specific_survival,5y_disease_specific_survival,92.0,92.0,,117,127,5.0,kaplan_meier,higher_better,reported_survival,Page 4 Table 3,Ruthenium DSS 5 yrs 92
SCR01330,Jancar 2016,2016,arm_ru106,Ru106_plaque,Ru-106 plaque,overall_survival,secondary_5y_overall_survival,5y_overall_survival,87.0,87.0,,110,127,5.0,kaplan_meier,higher_better,reported_survival,Page 4 Table 3,Ruthenium OS 5 yrs 87
SCR01549,Sagoo 2014,2014,arm_plaque,I125_plaque,I-125 plaque,eye_retention,secondary_5y_eye_retention,5y_eye_retention_success,84.0,84.0,,461,549,5.0,kaplan_meier,higher_better,reported_eye_retention,Page 1 Abstract,globe retention was 84% at 5 years
SCR01549,Sagoo 2014,2014,arm_plaque,I125_plaque,I-125 plaque,radiation_maculopathy,secondary_complications,complication_radiation_maculopathy,56.0,56.0,,307,549,5.0,kaplan_meier,higher_worse,reported_event_rate,Pages 1-2 and Table 1,maculopathy 56% at 5 years
SCR01549,Sagoo 2014,2014,arm_plaque,I125_plaque,I-125 plaque,radiation_optic_neuropathy,secondary_complications,complication_radiation_optic_neuropathy,61.0,61.0,,335,549,5.0,kaplan_meier,higher_worse,reported_event_rate,Pages 1-2 and Table 1,papillopathy 61% at 5 years
SCR01549,Sagoo 2014,2014,arm_plaque,I125_plaque,I-125 plaque,neovascular_glaucoma,secondary_complications,complication_neovascular_glaucoma,15.0,15.0,,82,549,5.0,kaplan_meier,higher_worse,reported_event_rate,Pages 1-2 and Table 1,neovascular glaucoma 15% at 5 years
SCR01549,Sagoo 2014,2014,arm_plaque,I125_plaque,I-125 plaque,visual_acuity,secondary_5y_visual_acuity_20_200,5y_visual_acuity_20_200,54.0,54.0,,296,549,5.0,kaplan_meier,higher_worse,reported_event_rate,Pages 1 and 3,20/200 or worse in 54% at 5 years
SCR01598,Wackernagel 2014,2014,arm_gkrs,Photon_SRS_FSRT,Photon SRS/FSRT,local_control,primary_5y_local_control,5y_local_control_success,94.2,94.2,,167,177,5.0,kaplan_meier,higher_better,reported_local_control,Page 1 Abstract,tumour control rates were 94.2% at 5 years
SCR01598,Wackernagel 2014,2014,arm_gkrs,Photon_SRS_FSRT,Photon SRS/FSRT,eye_retention,secondary_5y_eye_retention,5y_eye_retention_success,81.6,81.6,,144,177,5.0,kaplan_meier,higher_better,reported_eye_retention,Page 1 Abstract,eye preservation rate was 81.6% at 5 years
SCR01628,Berry 2013,2013,arm_eye_physics,I125_plaque,I-125 plaque,local_control,primary_5y_local_control,5y_local_control_success,97.0,97.0,,80,82,5.0,kaplan_meier,higher_better,reported_local_control,Pages 4-5 Figure 2,local tumor control at 5 years was 97% (95% CI 89-99)
SCR01628,Berry 2013,2013,arm_eye_physics,I125_plaque,I-125 plaque,secondary_enucleation,secondary_5y_eye_retention,5y_eye_retention_success,3.0,97.0,,80,82,5.0,kaplan_meier,higher_worse,converted_from_secondary_enucleation,Page 5 Table 2,Enucleation at 5 y 3.0%
SCR01628,Berry 2013,2013,arm_eye_physics,I125_plaque,I-125 plaque,metastasis_free_survival,secondary_5y_metastasis_free_survival,5y_metastasis_free_survival,89.0,89.0,,73,82,5.0,kaplan_meier,higher_better,reported_survival,Page 5 Figure 3,survival without metastatic disease at 60 months is 89% (95% CI 77-95)
SCR01628,Berry 2013,2013,arm_eye_physics,I125_plaque,I-125 plaque,metastasis,secondary_5y_metastasis,5y_metastasis,11.0,11.0,,9,82,5.0,kaplan_meier,higher_worse,reported_event_rate,Page 5 Table 2,Metastatic disease at 5 y 11
SCR01685,Kwon 2013,2013,overall,mixed,Mixed/unclear,metastasis_free_survival,secondary_5y_metastasis_free_survival,5y_metastasis_free_survival,73.9,73.9,,82,111,5.0,kaplan_meier,higher_better,reported_survival,Page 2,estimated 5-year metastasis-free rate was 73.9% (95% CI 63.1 to 84.7)
SCR01685,Kwon 2013,2013,overall,mixed,Mixed/unclear,disease_specific_survival,secondary_5y_disease_specific_survival,5y_disease_specific_survival,84.6,84.6,,94,111,5.0,kaplan_meier,higher_better,reported_survival,Page 2,estimated 5-year disease-specific survival rate was 84.6% (95% CI 76.8 to 92.4)
SCR01685,Kwon 2013,2013,arm_ru106_combined,Ru106_plaque,Ru-106 plaque,metastasis_free_survival,secondary_5y_metastasis_free_survival,5y_metastasis_free_survival,79.0,79.0,,48,61,5.0,kaplan_meier,higher_better,reported_survival,Page 2 and Table 1,5-year metastasis-free rate 79.0% (95% CI 67.3 to 90.8)
SCR01685,Kwon 2013,2013,arm_ru106_combined,Ru106_plaque,Ru-106 plaque,disease_specific_survival,secondary_5y_disease_specific_survival,5y_disease_specific_survival,87.7,87.7,,53,61,5.0,kaplan_meier,higher_better,reported_survival,Page 2 and Table 1,disease-specific survival rate 87.7% (95% CI 77.8 to 97.7)
SCR01685,Kwon 2013,2013,arm_ru106_combined,Ru106_plaque,Ru-106 plaque,overall_survival,secondary_5y_overall_survival,5y_overall_survival,84.0,84.0,,51,61,5.0,kaplan_meier,higher_better,reported_survival,Page 2 and Table 1,overall survival rate 84.0% (95% CI 72.2 to 95.8)
SCR01685,Kwon 2013,2013,arm_ru106_combined,Ru106_plaque,Ru-106 plaque,secondary_enucleation,secondary_5y_eye_retention,5y_eye_retention_success,25.4,74.6,13.0,46,61,5.0,kaplan_meier,higher_worse,converted_from_secondary_enucleation,Pages 3-4,Thirteen out of 61 underwent enucleation; estimated 5-year enucleation rate was 25.4%
SCR01685,Kwon 2013,2013,arm_gkr,Photon_SRS_FSRT,Photon SRS/FSRT,metastasis_free_survival,secondary_5y_metastasis_free_survival,5y_metastasis_free_survival,85.6,85.6,,19,22,5.0,kaplan_meier,higher_better,reported_survival,Page 3 Table 1,GKR 5-year metastasis free rate 85.6%
SCR01685,Kwon 2013,2013,arm_gkr,Photon_SRS_FSRT,Photon SRS/FSRT,disease_specific_survival,secondary_5y_disease_specific_survival,5y_disease_specific_survival,90.7,90.7,,20,22,5.0,kaplan_meier,higher_better,reported_survival,Page 3 Table 1,GKR disease specific survival rate 90.7%
SCR01685,Kwon 2013,2013,arm_gkr,Photon_SRS_FSRT,Photon SRS/FSRT,overall_survival,secondary_5y_overall_survival,5y_overall_survival,90.7,90.7,,20,22,5.0,kaplan_meier,higher_better,reported_survival,Page 3 Table 1,GKR overall survival rate 90.7%
SCR01724,Wackernagel 2013,2013,arm_gkrs,Photon_SRS_FSRT,Photon SRS/FSRT,visual_acuity,secondary_5y_visual_acuity_20_200,5y_visual_acuity_20_200,13.0,13.0,,17,128,5.0,kaplan_meier,higher_better,reported_event_rate,Page 3,probability of keeping visual acuity of 20/200 was 0.13 after 5 years
SCR01724,Wackernagel 2013,2013,arm_gkrs,Photon_SRS_FSRT,Photon SRS/FSRT,visual_acuity,secondary_5y_visual_acuity_20_200,5y_visual_acuity_20_200,87.0,87.0,,111,128,5.0,kaplan_meier,higher_worse,reported_event_rate,Page 3,5-year probability of keeping visual acuity 20/200 was 0.13
SCR01890,Macdonald 2011,2011,arm_pbt,PBT,Proton beam,eye_retention,secondary_5y_eye_retention,5y_eye_retention_success,71.3,71.3,,105,147,5.0,kaplan_meier,higher_better,reported_eye_retention,Page 2,5-year eye retention rate was 71.3% (95% CI 62.3% to 80.3%)
SCR01890,Macdonald 2011,2011,arm_pbt,PBT,Proton beam,disease_specific_survival,secondary_5y_disease_specific_survival,5y_disease_specific_survival,87.7,87.7,,129,147,5.0,kaplan_meier,higher_better,reported_survival,Page 2,5-year disease-specific survival rate was 87.7% (95% CI 81.2% to 94.2%)
SCR01927,Dunavoelgyi 2011,2011,arm_hypofractionated_srt,Photon_SRS_FSRT,Photon SRS/FSRT,local_control,primary_5y_local_control,5y_local_control_success,95.9,95.9,,203,212,5.0,kaplan_meier,higher_better,reported_local_control,Page 1,Local tumor control was 95.9% after 5 years
SCR02016,Frenkel 2009,2009,overall,mixed,Mixed/unclear,melanoma_specific_survival,secondary_5y_melanoma_specific_survival,5y_melanoma_specific_survival,88.6,88.6,,494,558,5.0,kaplan_meier,higher_better,reported_survival,Pages 1 and 4,The 5 year melanoma-related mortality rate was 11.4%
SCR02231,Puusaari 2007,2007,arm_i125,I125_plaque,I-125 plaque,local_recurrence,primary_5y_local_recurrence,5y_local_control_success,7.0,93.0,,50,54,5.0,actuarial,higher_worse,converted_from_local_recurrence,Page 7,"5-year cumulative incidences of local recurrence were 41% (95% CI, 17-63) and 7% (95% CI, 2-17), respectively"
SCR02231,Puusaari 2007,2007,arm_i125,I125_plaque,I-125 plaque,eye_retention,secondary_5y_eye_retention,5y_eye_retention_success,90.0,90.0,,49,54,5.0,actuarial,higher_better,reported_eye_retention,Page 9,5-year incidence of enucleation was 10% (95% CI 4-20) after IBT
SCR02231,Puusaari 2007,2007,arm_i125,I125_plaque,I-125 plaque,radiation_maculopathy,secondary_complications,complication_radiation_maculopathy,43.0,43.0,,23,54,5.0,actuarial,higher_worse,reported_event_rate,Page 9,"Maculopathy occurred within 5 years in 43% (95% CI, 22-62) of eyes managed with IBT"
SCR02231,Puusaari 2007,2007,arm_i125,I125_plaque,I-125 plaque,radiation_optic_neuropathy,secondary_complications,complication_radiation_optic_neuropathy,58.0,58.0,,31,54,5.0,actuarial,higher_worse,reported_event_rate,Page 9,"5-year cumulative incidence of optic neuropathy was 7% ... after TSR and 58% (95% CI, 36-75) after IBT"
SCR02271,Isager 2006,2006,arm_ru106,Ru106_plaque,Ru-106 plaque,local_control,primary_5y_local_control,5y_local_control_success,73.0,73.0,,40,55,5.0,kaplan_meier,higher_better,reported_local_control,Pages 1 and 3,5-year probability for no local recurrence was 73% (n=55)
SCR02271,Isager 2006,2006,arm_ru106,Ru106_plaque,Ru-106 plaque,eye_retention,secondary_5y_eye_retention,5y_eye_retention_success,72.0,72.0,,40,55,5.0,kaplan_meier,higher_better,reported_eye_retention,Pages 1 and 5,5-year eye preservation probability ... was 72% (n=55)
SCR02344,Jensen 2005,2005,arm_i125,I125_plaque,I-125 plaque,local_control,primary_5y_local_control,5y_local_control_success,92.0,92.0,,144,156,5.0,actuarial,higher_better,reported_local_control,Page 1 Abstract,Initial local control at 5 years was 92%
SCR02344,Jensen 2005,2005,arm_i125,I125_plaque,I-125 plaque,overall_survival,secondary_5y_overall_survival,5y_overall_survival,83.0,83.0,,129,156,5.0,actuarial,higher_better,reported_survival,Page 1 Abstract,the 5-year overall survival was 83%
SCR02344,Jensen 2005,2005,arm_i125,I125_plaque,I-125 plaque,disease_specific_survival,secondary_5y_disease_specific_survival,5y_disease_specific_survival,91.0,91.0,,142,156,5.0,actuarial,higher_better,reported_survival,Page 1 Abstract,The 5-year disease-specific survival was 91%
SCR02344,Jensen 2005,2005,arm_i125,I125_plaque,I-125 plaque,metastasis,secondary_5y_metastasis,5y_metastasis,10.0,10.0,,16,156,5.0,actuarial,higher_worse,reported_event_rate,Page 1 Abstract,The risk of metastasis was 10% at 5 years and 27% at 10 years
SCR02350,Damato 2005,2005,arm_pbt,PBT,Proton beam,local_control,primary_5y_local_control,5y_local_control_success,96.5,96.5,,337,349,5.0,actuarial,higher_better,reported_local_control,Page 1 Abstract,5-year actuarial rates were 3.5% for local tumor recurrence
SCR02350,Damato 2005,2005,arm_pbt,PBT,Proton beam,eye_retention,secondary_5y_eye_retention,5y_eye_retention_success,90.6,90.6,,316,349,5.0,actuarial,higher_better,reported_eye_retention,Page 1 Abstract,5-year actuarial rates were ... 9.4% for enucleation
SCR02350,Damato 2005,2005,arm_pbt,PBT,Proton beam,visual_acuity,secondary_5y_visual_acuity_20_200,5y_visual_acuity_20_200,61.1,61.1,,213,349,5.0,actuarial,higher_better,reported_event_rate,Page 1 Abstract,61.1% for conservation of vision of 20/200 or better
SCR02350,Damato 2005,2005,arm_pbt,PBT,Proton beam,visual_acuity,secondary_5y_visual_acuity_20_200,5y_visual_acuity_20_200,38.9,38.9,,136,349,5.0,actuarial,higher_worse,reported_event_rate,Page 1 Abstract,61.1% for conservation of vision of 20/200 or better
SCR02350,Damato 2005,2005,arm_pbt,PBT,Proton beam,melanoma_specific_survival,secondary_5y_melanoma_specific_survival,5y_melanoma_specific_survival,90.0,90.0,,314,349,5.0,actuarial,higher_better,reported_survival,Page 1 Abstract,10.0% for death from metastasis
SCR02476,Bartlema 2003,2003,arm_ru106_ttt,Ru106_plaque,Ru-106 plaque,radiation_maculopathy,secondary_complications,complication_radiation_maculopathy,51.0,51.0,,26,50,5.0,kaplan_meier,higher_worse,reported_event_rate,Page 2,Kaplan-Meier estimate of the probability of radiation maculopathy was 51% at 5 years
SCR02551,Gragoudas 2002,2002,arm_pbt,PBT,Proton beam,local_recurrence,primary_5y_local_recurrence,5y_local_control_success,3.24,96.76,,1860,1922,5.0,actuarial,higher_worse,converted_from_local_recurrence,Page 3 Table I,"Year 5 cumulative rates 3.24%, 95% CI 2.47-4.24"
SCR02627,Lumbroso 2001,2001,arm_pbt,PBT,Proton beam,neovascular_glaucoma,secondary_complications,complication_neovascular_glaucoma,9.9,9.9,43.0,43,435,,median_followup,higher_worse,reported_event_rate,Page 2,During the same period 43 (9.9%) patients presented with neovascular glaucoma
SCR02685,Sia 2000,2000,arm_i125,I125_plaque,I-125 plaque,local_control,primary_5y_local_control,5y_local_control_success,80.0,80.0,,39,49,5.0,kaplan_meier,higher_better,reported_local_control,Page 3 Figure 1,Kaplan-Meier estimate of local control with EPT at 5 years is 80%
SCR02685,Sia 2000,2000,arm_i125,I125_plaque,I-125 plaque,disease_specific_survival,secondary_5y_disease_specific_survival,5y_disease_specific_survival,92.0,92.0,,45,49,5.0,kaplan_meier,higher_better,reported_survival,Page 3 Figure 2,Estimated 5-year disease-specific survival was 92%
SCR02685,Sia 2000,2000,arm_i125,I125_plaque,I-125 plaque,overall_survival,secondary_5y_overall_survival,5y_overall_survival,85.0,85.0,,42,49,5.0,kaplan_meier,higher_better,reported_survival,Page 3 Figure 3,Estimated 5-year disease-specific survival was 92% and overall survival 85%
SCR02737,Lommatzsch 2000,2000,arm_ru106,Ru106_plaque,Ru-106 plaque,melanoma_specific_survival,secondary_5y_melanoma_specific_survival,5y_melanoma_specific_survival,89.6,89.6,,125,140,5.0,kaplan_meier,higher_better,reported_survival,Page 3 and Page 8,"5-, 10-, 15-, and 20-year survival rates considering confirmed and suspected tumor-related deaths were 89.6%, 81.0%, 66.7%, and 61.3%"
SCR04951,Straatsma 2003,2003,arm_i125_coms,I125_plaque,I-125 plaque,overall_survival,secondary_5y_overall_survival,5y_overall_survival,82.0,82.0,,539,657,5.0,kaplan_meier,higher_better,reported_survival,Page 3,Unadjusted estimated 5-year mortality rates were 19% for enucleation and 18% for brachytherapy
SCR06272,Naumenko 2021,2021,arm_bt,Ru106_plaque,Ru-106 plaque,metastasis_free_survival,secondary_5y_metastasis_free_survival,5y_metastasis_free_survival,100.0,100.0,,58,58,5.0,kaplan_meier,higher_better,reported_survival,Page 4 Table 2,BT 5-years 100%
SCR06443,Shah 2025,2025,overall,mixed,Mixed/unclear,metastasis,secondary_5y_metastasis,5y_metastasis,16.0,16.0,24.0,24,150,5.0,kaplan_meier,higher_worse,reported_event_rate,Pages 1 and 5,The five-year metastasis rate was 16%; 24 of 29 patients (83%) developed metastasis within the first five years.
SCR06443,Shah 2025,2025,overall,mixed,Mixed/unclear,disease_specific_survival,secondary_5y_disease_specific_survival,5y_disease_specific_survival,84.0,84.0,,126,150,5.0,kaplan_meier,higher_better,reported_survival,Pages 1 and 6,The five-year disease-specific survival (DSS) was 84% (95% CI: 77%-90%).
SCR06443,Shah 2025,2025,overall,mixed,Mixed/unclear,overall_survival,secondary_5y_overall_survival,5y_overall_survival,75.0,75.0,,112,150,5.0,kaplan_meier,higher_better,reported_survival,Page 6,The 5-year all-cause survival was 75% (95% CI: 65%-87%).
SCR07650,Wang 2025,2025,arm_ru106,Ru106_plaque,Ru-106 plaque,local_recurrence,primary_5y_local_recurrence,5y_local_control_success,33.3,66.7,39.0,78,117,5.0,crude_at_followup,higher_worse,converted_from_local_recurrence,Page 14,"Brachytherapy failure in 39 eyes (33.3%) within five years, with a mean time to failure of 1.06 +/- 1.49 years."
SCR07650,Wang 2025,2025,arm_ru106,Ru106_plaque,Ru-106 plaque,metastasis,secondary_5y_metastasis,5y_metastasis,17.1,17.1,25.0,20,117,5.0,kaplan_meier,higher_worse,reported_event_rate,Page 15,Tumor metastasis was detected in 25 patients (21.4%); the 5-year and 10-year metastasis rates were 17.1% and 28.3%.
SCR07650,Wang 2025,2025,arm_ru106,Ru106_plaque,Ru-106 plaque,overall_survival,secondary_5y_overall_survival,5y_overall_survival,89.7,89.7,,105,117,5.0,kaplan_meier,higher_better,reported_survival,Page 16,"Among all 117 patients, the 5- and 10-year survival rates were 89.7% and 81.1%."
SCR07650,Wang 2025,2025,arm_ru106,Ru106_plaque,Ru-106 plaque,neovascular_glaucoma,secondary_complications,complication_neovascular_glaucoma,13.7,13.7,16.0,16,117,,crude_at_followup,higher_worse,reported_event_rate,Page 13,Radiation-induced eye diseases after 3.3 +/- 1.2 years included ... neovascular glaucoma (16 patients).
SCR07650,Wang 2025,2025,arm_ru106,Ru106_plaque,Ru-106 plaque,radiation_maculopathy,secondary_complications,complication_radiation_maculopathy,7.7,7.7,9.0,9,117,,crude_at_followup,higher_worse,reported_event_rate,Page 13,"Radiation-induced eye diseases ... included radiation-induced cataracts (16 patients), maculopathy (9 patients), radiation optic neuropathy (7 patients), radiation retinopathy (4 patients), and neovascular glaucoma (16 patients)."
SCR07650,Wang 2025,2025,arm_ru106,Ru106_plaque,Ru-106 plaque,radiation_optic_neuropathy,secondary_complications,complication_radiation_optic_neuropathy,6.0,6.0,7.0,7,117,,crude_at_followup,higher_worse,reported_event_rate,Page 13,Radiation-induced eye diseases ... included ... radiation optic neuropathy (7 patients).
SCR07650,Wang 2025,2025,arm_ru106,Ru106_plaque,Ru-106 plaque,other,secondary_complications,complication_other,3.4,3.4,4.0,4,117,,crude_at_followup,higher_worse,reported_event_rate,Page 13,Radiation-induced eye diseases ... included ... radiation retinopathy (4 patients).
SCR08321,Dieckmann 2012,2012,arm_photon_srt,Photon_SRS_FSRT,Photon SRS/FSRT,other,secondary_complications,complication_other,66.4,66.4,114.0,141,212,5.0,actuarial,higher_worse,reported_event_rate,PDF page 81 / printed page 83 abstract P7-2,The five most common side effects were retinopathy ... 114 cases; patients were free of any radiation retinopathy (33.6%) 5 years after RT.
SCR08321,Dieckmann 2012,2012,arm_photon_srt,Photon_SRS_FSRT,Photon SRS/FSRT,radiation_optic_neuropathy,secondary_complications,complication_radiation_optic_neuropathy,61.5,61.5,107.0,130,212,5.0,actuarial,higher_worse,reported_event_rate,PDF page 81 / printed page 83 abstract P7-2,The five most common side effects were ... optic neuropathy (107 cases); patients were free of optic neuropathy (38.5%) 5 years after RT.
SCR08321,Dieckmann 2012,2012,arm_photon_srt,Photon_SRS_FSRT,Photon SRS/FSRT,neovascular_glaucoma,secondary_complications,complication_neovascular_glaucoma,24.5,24.5,46.0,52,212,5.0,actuarial,higher_worse,reported_event_rate,PDF page 81 / printed page 83 abstract P7-2,The five most common side effects included neovascular glaucoma (46 cases); patients were free of neovascular glaucoma (75.5%) 5 years after RT.
SCR00797,Jampol 2020,2020,arm_i125,I125_plaque,I-125 plaque,local_control,primary_5y_local_control,5y_local_control_success,89.7,89.7,57.0,583,650,5.0,kaplan_meier,higher_better,reported_local_control,Page 1 abstract and Table 4,"Risk of treatment failure was 10.3% (95% CI, 8.0%-13.2%); treatment failure was reported for 57 eyes."
SCR00797,Jampol 2020,2020,arm_i125,I125_plaque,I-125 plaque,eye_retention,secondary_5y_eye_retention,5y_eye_retention_success,87.5,87.5,69.0,569,650,5.0,kaplan_meier,higher_better,reported_eye_retention,Page 1 abstract and Table 4,"Kaplan-Meier estimate of enucleation by 5 years was 12.5% (95% CI, 10.0%-15.6%); 69 eyes were enucleated."
SCR01706,Perri 2012,2012,arm_ru106,Ru106_plaque,Ru-106 plaque,local_control,primary_5y_local_control,5y_local_control_success,85.0,85.0,,113,133,5.0,kaplan_meier,higher_better,reported_local_control,Page 2 results and Figure 3,"Local recurrence free survival at 5, 10 and 15 years was 85%, 79%, 76%."
SCR01706,Perri 2012,2012,arm_ru106,Ru106_plaque,Ru-106 plaque,overall_survival,secondary_5y_overall_survival,5y_overall_survival,92.0,92.0,,122,133,5.0,kaplan_meier,higher_better,reported_survival,Page 2 results and Figure 1,"The actuarial overall survival rates at 5, 10 and 15 years were 92%, 85%, and 78%."
SCR01706,Perri 2012,2012,arm_ru106,Ru106_plaque,Ru-106 plaque,visual_acuity,secondary_5y_visual_acuity_20_200,5y_visual_acuity_20_200,12.08,12.08,11.0,11,91,5.0,crude_at_followup,higher_worse,reported_event_rate,Table II,"At 5 years, BCVA < 1/10 was reported in 11 of 91 patients (12.08%)."
SCR01706,Perri 2012,2012,arm_ru106,Ru106_plaque,Ru-106 plaque,neovascular_glaucoma,secondary_complications,complication_neovascular_glaucoma,0.0,0.0,0.0,0,133,,last_followup,higher_worse,reported_event_rate,Page 3 treatment safety,No case of neovascular glaucoma was recorded.
SCR01706,Perri 2012,2012,arm_ru106,Ru106_plaque,Ru-106 plaque,radiation_maculopathy,secondary_complications,complication_radiation_maculopathy,2.2,2.2,3.0,3,133,,last_followup,higher_worse,reported_event_rate,Table III,Maculopathy 3 (2.2%).
SCR02321,COMS 2005,2005,overall,mixed,Mixed/unclear,metastasis,secondary_5y_metastasis,5y_metastasis,25.0,25.0,,580,2320,5.0,kaplan_meier,higher_worse,reported_event_rate,Page 1 abstract and Page 2 results,"Overall Kaplan-Meier estimates of 5-year metastasis rates were 25% (95% CI, 23%-27%)."
SCR02479,Kivela 2003,2003,arm_i125,I125_plaque,I-125 plaque,neovascular_glaucoma,secondary_complications,complication_neovascular_glaucoma,32.65,32.65,16.0,16,49,,last_followup,higher_worse,reported_event_rate,Page 7 results,"Of 22 patients with treatment-related glaucoma, 16 developed neovascular glaucoma."
SCR02479,Kivela 2003,2003,arm_i125,I125_plaque,I-125 plaque,radiation_maculopathy,secondary_complications,complication_radiation_maculopathy,51.02,51.02,25.0,25,49,,last_followup,higher_worse,reported_event_rate,Page 7 results,"Maculopathy developed in 25 patients after IBT, including 17 with radiation retinopathy."
SCR02479,Kivela 2003,2003,arm_i125,I125_plaque,I-125 plaque,radiation_optic_neuropathy,secondary_complications,complication_radiation_optic_neuropathy,32.65,32.65,16.0,16,49,,last_followup,higher_worse,reported_event_rate,Page 7 results,"Of 25 patients with optic neuropathy after IBT, 16 showed active radiation optic neuropathy."
SCR09002,Papageorgiou 2011,2011,arm_ru106,Ru106_plaque,Ru-106 plaque,local_recurrence,primary_5y_local_recurrence,5y_local_control_success,14.0,86.0,26.0,163,189,5.0,kaplan_meier_5y,higher_worse,converted_from_local_recurrence,Discussion / Kaplan-Meier curve,The study reports a 5-year melanoma recurrence rate of 14% for 106Ru plaque brachytherapy.
SCR09003,Rahmi 2014,2014,arm_pbt,PBT,Proton beam,local_control,crude_local_control,crude_local_control,100.0,100.0,36.0,36,36,,crude_at_followup,higher_better,reported,Abstract,"None of the patients showed tumor progression, local recurrence, or metastasis."
SCR09004,Marinkovic 2016,2016,arm_ru106_ttt,Ru106_plus_TTT,Ru-106 plaque + TTT,local_recurrence,primary_5y_local_recurrence,5y_local_control_success,11.2,88.8,22.0,174,196,5.0,competing_risk_5y,higher_worse,converted_from_local_recurrence,Abstract,Five-year cumulative incidence of local failure was 11.2% for Ru106/TTT.
SCR09004,Marinkovic 2016,2016,arm_ru106,Ru106_plaque,Ru-106 plaque,local_recurrence,primary_5y_local_recurrence,5y_local_control_success,5.2,94.8,13.0,240,253,5.0,competing_risk_5y,higher_worse,converted_from_local_recurrence,Abstract,Five-year cumulative incidence of local failure was 5.2% for Ru106.
SCR09005,AlMahmoud 2018,2018,arm_ru106,Ru106_plaque,Ru-106 plaque,local_control,crude_local_control,crude_local_control,100.0,100.0,28.0,28,28,,crude_at_followup,higher_better,reported,Results,"None of the patients had local recurrence of tumor, and there were no enucleations reported at the last follow-up visit."
SCR09006,Jung 2020,2020,arm_pbt,PBT,Proton beam,visual_acuity,visual_acuity_final_20_40,visual_acuity_final_20_40,22.5,22.5,9.0,9,40,,last_followup,higher_better,reported,Abstract,The final BCVA of nine patients was > 20/40.
SCR09008,Meidenbauer 2021,2021,arm_i125,I125_plaque,I-125 plaque,local_control,primary_5y_local_control,5y_local_control_success,98.0,98.0,332.0,332,339,5.0,kaplan_meier_5y,higher_better,reported_local_control,Abstract and Results,"Only 3 events of local recurrence were observed, yielding 5-year local control and ocular survival rate of 98%."
SCR09008,Meidenbauer 2021,2021,arm_i125,I125_plaque,I-125 plaque,eye_retention,secondary_5y_eye_retention,5y_eye_retention_success,98.0,98.0,332.0,332,339,5.0,kaplan_meier_5y,higher_better,reported_eye_retention,Abstract,"Only 3 events of local recurrence were observed, yielding 5-year local control and ocular survival rate of 98%."
SCR09008,Meidenbauer 2021,2021,arm_i125,I125_plaque,I-125 plaque,overall_survival,secondary_5y_overall_survival,5y_overall_survival,95.0,95.0,322.0,322,339,5.0,kaplan_meier_5y,higher_better,reported_survival,Abstract,Overall survival was 95% at 5 years.
SCR09008,Meidenbauer 2021,2021,arm_i125,I125_plaque,I-125 plaque,metastasis_free_survival,secondary_5y_metastasis_free_survival,5y_metastasis_free_survival,87.5,87.5,297.0,297,339,5.0,kaplan_meier_5y,higher_better,reported_survival,Abstract,Metastasis-free survival was 87.5% at 5 years.
SCR09009,Yupari 2021,2021,arm_i125,I125_plaque,I-125 plaque,local_control,secondary_3y_local_control,secondary_3y_local_control,99.3,99.3,160.0,160,161,3.0,kaplan_meier_3y,higher_better,reported,Abstract and Results,"Only one local recurrence event was observed, with very high local control and ocular survival rate (99.3%) at 3 years."
