record_id,study_id,year,three_node,three_node_label,analysis_measure,outcome_family,quantitative_outcome_slot,source_analysis_nodes,source_analysis_node_labels,source_arm_ids,total,events_analysis,analysis_pct,source_page_or_table,source_evidence,studlab
SCR00062,Kim 2025,2025,Carbon_ion,Carbon ion therapy,5y_eye_retention_success,secondary_enucleation,secondary_5y_eye_retention,CIRT,Carbon ion,arm_cirt,192,176,91.66666666666667,Page 3 and Figure 2,"In the PSM cohort, 16 CIRT patients underwent enucleation; 5-year cumulative incidence 8.5%.",Kim 2025 | Carbon_ion
SCR00062,Kim 2025,2025,Carbon_ion,Carbon ion therapy,5y_local_control_success,local_recurrence,primary_5y_local_recurrence,CIRT,Carbon ion,arm_cirt,192,181,94.27083333333333,Page 3 and Figure 1,"The 5-year local failure rate was 5.6% (95% CI, 2.0%-9.3%) for the CIRT group.",Kim 2025 | Carbon_ion
SCR00062,Kim 2025,2025,Carbon_ion,Carbon ion therapy,5y_metastasis,metastasis,secondary_5y_metastasis,CIRT,Carbon ion,arm_cirt,192,53,27.604166666666668,Page 3 and Figure 1,"The 5-year distant failure rate CIRT: 27.5%, 95% CI 20.6%-34.3%.",Kim 2025 | Carbon_ion
SCR00062,Kim 2025,2025,Carbon_ion,Carbon ion therapy,5y_overall_survival,overall_survival,secondary_5y_overall_survival,CIRT,Carbon ion,arm_cirt,192,156,81.25,Page 3 and Figure 1,"5-year OS (CIRT: 81.0%, 95% CI 75.2%-87.2% vs SABR: 70.9%).",Kim 2025 | Carbon_ion
SCR00119,Zako 2025,2025,Proton,Proton beam therapy,5y_eye_retention_success,eye_retention,secondary_5y_eye_retention,PBT,Proton beam,arm_pbrt,240,204,85,Page 6,The 5-year and 10-year eye preservation in the PBRT cohort was 85% (95% CI 79-89%) and 83%.,Zako 2025 | Proton
SCR00119,Zako 2025,2025,Proton,Proton beam therapy,5y_local_control_success,local_control,primary_5y_local_control,PBT,Proton beam,arm_pbrt,240,230,95.83333333333333,Page 5 and Figure 1,The PBRT cohort had 5-year LC of 96% (92-98%).,Zako 2025 | Proton
SCR00119,Zako 2025,2025,Proton,Proton beam therapy,5y_metastasis_free_survival,metastasis_free_survival,secondary_5y_metastasis_free_survival,PBT,Proton beam,arm_pbrt,240,209,87.08333333333333,Page 8,"The 5-, 10-, and 15-year DM-free rates in the PBRT cohort were 87% (95% CI 82-91%), 81%, and 73%.",Zako 2025 | Proton
SCR00119,Zako 2025,2025,Proton,Proton beam therapy,5y_overall_survival,overall_survival,secondary_5y_overall_survival,PBT,Proton beam,arm_pbrt,240,216,90,Page 8,"The 5-, 10-, and 15-year OS rates were 90% (95% CI 85-94%), 84%, and 76%.",Zako 2025 | Proton
SCR00155,Kornblau 2025,2025,Brachytherapy,Brachytherapy (I-125 or Ru-106 plaque),5y_enucleation,secondary_enucleation,secondary_5y_enucleation,I125_plaque,I-125 plaque,arm_i125,237,27,11.39240506329114,Page 4 and Figure 1,Enucleation was performed in 29 patients. The Kaplan-Meier estimate of an enucleation event was 11.3% at 5 years.,Kornblau 2025 | Brachytherapy
SCR00155,Kornblau 2025,2025,Brachytherapy,Brachytherapy (I-125 or Ru-106 plaque),5y_eye_retention_success,eye_retention,secondary_5y_eye_retention,I125_plaque,I-125 plaque,arm_i125,237,210,88.60759493670886,Page 4 and Figure 1,Kaplan-Meier estimate of an enucleation event was 11.3% at 5 years.,Kornblau 2025 | Brachytherapy
SCR00155,Kornblau 2025,2025,Brachytherapy,Brachytherapy (I-125 or Ru-106 plaque),5y_local_control_success,local_recurrence,primary_5y_local_recurrence,I125_plaque,I-125 plaque,arm_i125,237,213,89.87341772151899,Pages 3-4 and Figure 1,Tumor recurrence was noted in 33 patients. Kaplan-Meier estimate of local recurrence was 10% at 5 years.,Kornblau 2025 | Brachytherapy
SCR00155,Kornblau 2025,2025,Brachytherapy,Brachytherapy (I-125 or Ru-106 plaque),5y_metastasis,metastasis,secondary_5y_metastasis,I125_plaque,I-125 plaque,arm_i125,237,16,6.751054852320675,Page 4 and Figure 1,Metastasis occurred in 25 patients. Kaplan-Meier estimate was 6.7% at 5 years.,Kornblau 2025 | Brachytherapy
SCR00155,Kornblau 2025,2025,Brachytherapy,Brachytherapy (I-125 or Ru-106 plaque),complication_cataract_surgery,cataract_surgery,secondary_complications,I125_plaque,I-125 plaque,arm_i125,237,50,21.09704641350211,Page 5,Other observed complications included cataracts (n = 77). Fifty patients underwent cataract extraction.,Kornblau 2025 | Brachytherapy
SCR00155,Kornblau 2025,2025,Brachytherapy,Brachytherapy (I-125 or Ru-106 plaque),complication_other,other,secondary_complications,I125_plaque,I-125 plaque,arm_i125,237,130,54.85232067510549,Page 5,More than half of the patients developed radiation retinopathy (n = 130).,Kornblau 2025 | Brachytherapy
SCR00155,Kornblau 2025,2025,Brachytherapy,Brachytherapy (I-125 or Ru-106 plaque),complication_radiation_optic_neuropathy,radiation_optic_neuropathy,secondary_complications,I125_plaque,I-125 plaque,arm_i125,237,109,45.9915611814346,Page 5,"Radiation retinopathy and optic neuropathy were seen in 54.9% and 46%, respectively.",Kornblau 2025 | Brachytherapy
SCR00170,Pors 2025,2025,Brachytherapy,Brachytherapy (I-125 or Ru-106 plaque),5y_eye_retention_success,eye_retention,secondary_5y_eye_retention,Ru106_plaque,Ru-106 plaque,arm_ru106,719,683,94.99304589707927,Page 1 Abstract and Page 3,"Five-year overall survival, eye retention and local failure rates were 83%, 95%, and 8%, respectively.",Pors 2025 | Brachytherapy
SCR00170,Pors 2025,2025,Brachytherapy,Brachytherapy (I-125 or Ru-106 plaque),5y_local_control_success,local_control,primary_5y_local_control,Ru106_plaque,Ru-106 plaque,arm_ru106,719,661,91.93324061196105,Pages 3 and 5,"In the complete cohort, the 5-year local failure rate was 8%; discussion states local control (92%).",Pors 2025 | Brachytherapy
SCR00170,Pors 2025,2025,Brachytherapy,Brachytherapy (I-125 or Ru-106 plaque),5y_metastasis,metastasis,secondary_5y_metastasis,Ru106_plaque,Ru-106 plaque,arm_ru106,719,86,11.96105702364395,Page 3,5-year probability of metastasis was 12% (95% C.I. 9%-14%); 92 patients developed metastases.,Pors 2025 | Brachytherapy
SCR00170,Pors 2025,2025,Brachytherapy,Brachytherapy (I-125 or Ru-106 plaque),5y_overall_survival,overall_survival,secondary_5y_overall_survival,Ru106_plaque,Ru-106 plaque,arm_ru106,719,597,83.03198887343532,Page 3,5-year overall survival was 83% (95% C.I. 80%-85%).,Pors 2025 | Brachytherapy
SCR00170,Pors 2025,2025,Brachytherapy,Brachytherapy (I-125 or Ru-106 plaque),5y_visual_acuity_20_200,visual_acuity,secondary_5y_visual_acuity_20_200,Ru106_plaque,Ru-106 plaque,arm_ru106,719,230,31.98887343532684,Page 3,The 5-year actuarial estimate of lasting VA below 0.1 was 32% (95% C.I. 28%-36%).,Pors 2025 | Brachytherapy
SCR00170,Pors 2025,2025,Brachytherapy,Brachytherapy (I-125 or Ru-106 plaque),complication_cataract_surgery,cataract_surgery,secondary_complications,Ru106_plaque,Ru-106 plaque,arm_ru106,606,122,20.13201320132013,Page 3 and Table 3,"Cataract before treatment increased during follow-up, leading to cataract surgery in 122 (20%) patients.",Pors 2025 | Brachytherapy
SCR00170,Pors 2025,2025,Brachytherapy,Brachytherapy (I-125 or Ru-106 plaque),complication_radiation_maculopathy,radiation_maculopathy,secondary_complications,Ru106_plaque,Ru-106 plaque,arm_ru106,719,254,35.32684283727399,Page 3 and Table 3,"Maculopathy occurred in 46 patients at baseline, and in 254 (35%) patients during follow-up.",Pors 2025 | Brachytherapy
SCR00170,Pors 2025,2025,Brachytherapy,Brachytherapy (I-125 or Ru-106 plaque),complication_radiation_optic_neuropathy,radiation_optic_neuropathy,secondary_complications,Ru106_plaque,Ru-106 plaque,arm_ru106,719,80,11.126564673157162,Page 3 and Table 3,Optic nerve disorder was reported in 80 (11%) patients.,Pors 2025 | Brachytherapy
SCR00193,Gallo 2025,2025,Brachytherapy,Brachytherapy (I-125 or Ru-106 plaque),5y_visual_acuity_20_200,visual_acuity,secondary_5y_visual_acuity_20_200,Ru106_plaque,Ru-106 plaque,arm_ru106,310,41,13.225806451612904,Page 2 and Table 3,Kaplan-Meier estimates of poor final VA (>=1.0 logMAR) were 13.2% at 5 years.,Gallo 2025 | Brachytherapy
SCR00193,Gallo 2025,2025,Brachytherapy,Brachytherapy (I-125 or Ru-106 plaque),complication_neovascular_glaucoma,neovascular_glaucoma,secondary_complications,Ru106_plaque,Ru-106 plaque,arm_ru106,310,0,0,Page 4,There were no cases of neovascular glaucoma and scleral necrosis.,Gallo 2025 | Brachytherapy
SCR00193,Gallo 2025,2025,Brachytherapy,Brachytherapy (I-125 or Ru-106 plaque),complication_other,other,secondary_complications,Ru106_plaque,Ru-106 plaque,arm_ru106,310,61,19.677419354838708,Table 3,Non-proliferative radiation retinopathy at 5 years 19.6% (95% CI 14.9 to 25.6).,Gallo 2025 | Brachytherapy
SCR00193,Gallo 2025,2025,Brachytherapy,Brachytherapy (I-125 or Ru-106 plaque),complication_radiation_maculopathy,radiation_maculopathy,secondary_complications,Ru106_plaque,Ru-106 plaque,arm_ru106,310,98,31.612903225806452,Table 3,Radiation maculopathy 77/103 at 5 years: 31.7% (95% CI 26.1 to 38.2).,Gallo 2025 | Brachytherapy
SCR00193,Gallo 2025,2025,Brachytherapy,Brachytherapy (I-125 or Ru-106 plaque),complication_radiation_optic_neuropathy,radiation_optic_neuropathy,secondary_complications,Ru106_plaque,Ru-106 plaque,arm_ru106,310,26,8.387096774193548,Table 3,Radiation optic neuropathy at 5 years 8.5% (95% CI 5.5 to 13).,Gallo 2025 | Brachytherapy
SCR00201,Grajewski 2025,2025,Brachytherapy,Brachytherapy (I-125 or Ru-106 plaque),complication_other,other,secondary_complications,Ru106_plaque,Ru-106 plaque,arm_ru106,56,7,12.5,Page 5,Radiation retinopathy was detected in 7 eyes.,Grajewski 2025 | Brachytherapy
SCR00201,Grajewski 2025,2025,Brachytherapy,Brachytherapy (I-125 or Ru-106 plaque),complication_radiation_maculopathy,radiation_maculopathy,secondary_complications,Ru106_plaque,Ru-106 plaque,arm_ru106,56,10,17.857142857142858,Page 5,Radiation maculopathy in 10 patients (17.9%).,Grajewski 2025 | Brachytherapy
SCR00201,Grajewski 2025,2025,Brachytherapy,Brachytherapy (I-125 or Ru-106 plaque),complication_radiation_optic_neuropathy,radiation_optic_neuropathy,secondary_complications,Ru106_plaque,Ru-106 plaque,arm_ru106,56,7,12.5,Page 5,Radiation optic neuropathy in 7 patients.,Grajewski 2025 | Brachytherapy
SCR00224,Aoki 2025,2025,Carbon_ion,Carbon ion therapy,5y_eye_retention_success,eye_retention,secondary_5y_eye_retention,CIRT,Carbon ion,arm_cirt,250,233,93.2,Page 6/Table 3,Current CIRT row lists 5y-EPR 93.2,Aoki 2025 | Carbon_ion
SCR00224,Aoki 2025,2025,Carbon_ion,Carbon ion therapy,5y_local_control_success,local_control,primary_5y_local_control,CIRT,Carbon ion,arm_cirt,250,236,94.4,Page 4,LC rates at 5-year and 8-year were 94.4% and 92.9%,Aoki 2025 | Carbon_ion
SCR00224,Aoki 2025,2025,Carbon_ion,Carbon ion therapy,5y_metastasis_free_survival,metastasis_free_survival,secondary_5y_metastasis_free_survival,CIRT,Carbon ion,arm_cirt,250,200,80,Page 4,5-year and 8-year distant metastasis-free rates were 79.8% and 72.9%,Aoki 2025 | Carbon_ion
SCR00224,Aoki 2025,2025,Carbon_ion,Carbon ion therapy,5y_overall_survival,overall_survival,secondary_5y_overall_survival,CIRT,Carbon ion,arm_cirt,250,219,87.6,Page 3,5-year and 8-year overall survival rates were 87.5% and 84.2%,Aoki 2025 | Carbon_ion
SCR00250,Gallo 2024,2024,Brachytherapy,Brachytherapy (I-125 or Ru-106 plaque),5y_enucleation,secondary_enucleation,secondary_5y_secondary_enucleation,Ru106_plaque,Ru-106 plaque,arm_ru106,310,6,1.935483870967742,Pages 3 and 5/Table 3,5-year and 10-year secondary enucleation rates were 2% and 11%,Gallo 2024 | Brachytherapy
SCR00250,Gallo 2024,2024,Brachytherapy,Brachytherapy (I-125 or Ru-106 plaque),5y_local_control_success,local_recurrence,primary_5y_local_recurrence,Ru106_plaque,Ru-106 plaque,arm_ru106,310,257,82.90322580645162,Pages 3 and 5/Table 3,Kaplan-Meier estimates of tumour recurrence were 17% at 5 years,Gallo 2024 | Brachytherapy
SCR00250,Gallo 2024,2024,Brachytherapy,Brachytherapy (I-125 or Ru-106 plaque),5y_melanoma_specific_survival,melanoma_specific_survival,secondary_5y_melanoma_specific_survival,Ru106_plaque,Ru-106 plaque,arm_ru106,310,304,98.06451612903226,Page 5/Table 3,Melanoma-related death 5 years 2%,Gallo 2024 | Brachytherapy
SCR00250,Gallo 2024,2024,Brachytherapy,Brachytherapy (I-125 or Ru-106 plaque),5y_metastasis,metastasis,secondary_5y_metastasis,Ru106_plaque,Ru-106 plaque,arm_ru106,310,15,4.838709677419355,Page 5/Table 3,Melanoma-related metastasis 5 years 4.8%,Gallo 2024 | Brachytherapy
SCR00250,Gallo 2024,2024,Brachytherapy,Brachytherapy (I-125 or Ru-106 plaque),5y_overall_survival,overall_survival,secondary_5y_overall_survival,Ru106_plaque,Ru-106 plaque,arm_ru106,310,304,98.06451612903226,Pages 1 and 5/Table 3,survival was 98% at 5 years,Gallo 2024 | Brachytherapy
SCR00328,Wu 2023,2023,Proton,Proton beam therapy,5y_melanoma_specific_survival,melanoma_specific_survival,secondary_5y_melanoma_specific_survival,PBT,Proton beam,arm_pbt,222,221,99.54954954954955,Page 3,melanoma-related mortality rate was 0.5% at 5 years,Wu 2023 | Proton
SCR00328,Wu 2023,2023,Proton,Proton beam therapy,5y_overall_survival,overall_survival,secondary_5y_overall_survival,PBT,Proton beam,arm_pbt,222,209,94.14414414414415,Page 3,all-cause mortality rate was 5.8% at 5 years,Wu 2023 | Proton
SCR00328,Wu 2023,2023,Proton,Proton beam therapy,complication_neovascular_glaucoma,neovascular_glaucoma,secondary_complications,PBT,Proton beam,arm_pbt,222,10,4.504504504504505,Page 3,NVG was present in 10 patients (4.5%),Wu 2023 | Proton
SCR00338,Miguel 2023,2023,Brachytherapy,Brachytherapy (I-125 or Ru-106 plaque),5y_visual_acuity_20_200,visual_acuity,secondary_5y_visual_acuity_20_200,I125_plaque,I-125 plaque,arm_i125,305,79,25.901639344262296,Page 4 and Figure 2 | Page 5 and Figure 2,Blind subgroup 5 years 2% (95% CI 0-5%) | Low-medium subgroup 5 years 17% (95% CI 7-27%) | Medium-high subgroup 5 years 29% (95% CI 15-42%) | Very-high subgroup 5 years 48% (95% CI 35-61%),Miguel 2023 | Brachytherapy
SCR00341,Shah 2024,2024,Brachytherapy,Brachytherapy (I-125 or Ru-106 plaque),5y_visual_acuity_20_200,visual_acuity,secondary_5y_visual_acuity_20_200,I125_plaque,I-125 plaque,arm_i125,85,28,32.94117647058823,Page 11/Table 5,Visual acuity <=20/200 at 60 months: lowest CST 12% | Visual acuity <=20/200 at 60 months: middle CST 25% | Visual acuity <=20/200 at 60 months: highest CST 72%,Shah 2024 | Brachytherapy
SCR00341,Shah 2024,2024,Brachytherapy,Brachytherapy (I-125 or Ru-106 plaque),complication_radiation_maculopathy,radiation_maculopathy,secondary_complications,I125_plaque,I-125 plaque,arm_i125,40,29,72.5,Page 10/Table 4,Post-operative 60 months CME on OCT 29/40 (72.5%),Shah 2024 | Brachytherapy
SCR00368,Stalhammar 2023,2023,Brachytherapy,Brachytherapy (I-125 or Ru-106 plaque),5y_local_control_success,local_recurrence,primary_5y_local_recurrence,Ru106_plaque,Ru-106 plaque,arm_ru106_cca;arm_ru106_ccb,1387,1172,84.49891852919971,Page 4,"5-, 10-, and 15-year incidence rates ... 21%, 26%, and 28% after CCA plaques | 13%, 15%, and 15% after treatment with CCB plaques",Stalhammar 2023 | Brachytherapy
SCR00551,Sobti 2021,2021,Brachytherapy,Brachytherapy (I-125 or Ru-106 plaque),5y_local_control_success,local_recurrence,primary_5y_local_control,Ru106_plaque,Ru-106 plaque,arm_ru106_notched,40,28,70,Results page 4 / Fig. 2,"The risk of local recurrence within 5 years was 31% (95% CI: 14.1%, 47.8%)",Sobti 2021 | Brachytherapy
SCR00551,Sobti 2021,2021,Brachytherapy,Brachytherapy (I-125 or Ru-106 plaque),complication_neovascular_glaucoma,neovascular_glaucoma,secondary_complications,Ru106_plaque,Ru-106 plaque,arm_ru106_notched,40,1,2.5,Results page 4,Complications included ... neovascular glaucoma in 1 (2.5%),Sobti 2021 | Brachytherapy
SCR00551,Sobti 2021,2021,Brachytherapy,Brachytherapy (I-125 or Ru-106 plaque),complication_radiation_maculopathy,radiation_maculopathy,secondary_complications,Ru106_plaque,Ru-106 plaque,arm_ru106_notched,40,4,10,Results page 4,Complications included maculopathy in 4 patients (10%),Sobti 2021 | Brachytherapy
SCR00555,Cennamo 2021,2021,Brachytherapy,Brachytherapy (I-125 or Ru-106 plaque),complication_radiation_maculopathy,radiation_maculopathy,secondary_complications,Ru106_plaque,Ru-106 plaque,arm_ru106,350,133,38,Results and Table 1,"5 years after treatment, 135 patients (38%) showed radiation maculopathy",Cennamo 2021 | Brachytherapy
SCR00555,Cennamo 2021,2021,Brachytherapy,Brachytherapy (I-125 or Ru-106 plaque),complication_radiation_optic_neuropathy,radiation_optic_neuropathy,secondary_complications,Ru106_plaque,Ru-106 plaque,arm_ru106,350,38,10.857142857142858,Results and Table 1,"5 years after treatment, 40 patients (11%) had optic neuropathy",Cennamo 2021 | Brachytherapy
SCR00581,Guleser 2022,2022,Brachytherapy,Brachytherapy (I-125 or Ru-106 plaque),complication_neovascular_glaucoma,neovascular_glaucoma,secondary_complications,I125_plaque,I-125 plaque,arm_i125,201,14,6.965174129353234,Table 2,"Neovascular glaucoma (NVG), n (%): 14 (7%)",Guleser 2022 | Brachytherapy
SCR00581,Guleser 2022,2022,Brachytherapy,Brachytherapy (I-125 or Ru-106 plaque),complication_radiation_maculopathy,radiation_maculopathy,secondary_complications,I125_plaque,I-125 plaque,arm_i125,201,47,23.383084577114428,Table 2,"Radiation maculopathy (RM), n (%): 47 (23.4%)",Guleser 2022 | Brachytherapy
SCR00581,Guleser 2022,2022,Brachytherapy,Brachytherapy (I-125 or Ru-106 plaque),complication_radiation_optic_neuropathy,radiation_optic_neuropathy,secondary_complications,I125_plaque,I-125 plaque,arm_i125,201,20,9.950248756218905,Table 2,"Radiation optic neuropathy (RON), n (%): 20 (10%)",Guleser 2022 | Brachytherapy
SCR00727,Pica 2021,2021,Proton,Proton beam therapy,5y_visual_acuity_20_200,visual_acuity,secondary_5y_visual_acuity_20_200,PBT,Proton beam,arm_pbt,310,177,57.096774193548384,Abstract and Table 1,Table 1 reports low visual outcome 176 (57%) of 310 patients,Pica 2021 | Proton
SCR00727,Pica 2021,2021,Proton,Proton beam therapy,complication_neovascular_glaucoma,neovascular_glaucoma,secondary_complications,PBT,Proton beam,arm_pbt,310,12,3.870967741935484,Table 2,"Neovascular glaucoma: 0 in GVO and 11 (4%) in PVO, total 11 (4%)",Pica 2021 | Proton
SCR00727,Pica 2021,2021,Proton,Proton beam therapy,complication_radiation_maculopathy,radiation_maculopathy,secondary_complications,PBT,Proton beam,arm_pbt,310,180,58.064516129032256,Table 2,Radiation-induced maculopathy: total 180 (58%),Pica 2021 | Proton
SCR00727,Pica 2021,2021,Proton,Proton beam therapy,complication_radiation_optic_neuropathy,radiation_optic_neuropathy,secondary_complications,PBT,Proton beam,arm_pbt,310,133,42.903225806451616,Table 2,Radiation-induced optic neuropathy: total 133 (43%),Pica 2021 | Proton
SCR00765,Riechardt 2020,2020,Proton,Proton beam therapy,5y_eye_retention_success,eye_retention,secondary_5y_eye_retention,PBT,Proton beam,arm_pbt,1129,1087,96.27989371124889,Results page 3,"Enucleation-free survival was 96.3% after 5 years; in total, 36 enucleations had to be performed",Riechardt 2020 | Proton
SCR00797,Jampol 2020,2020,Brachytherapy,Brachytherapy (I-125 or Ru-106 plaque),5y_eye_retention_success,eye_retention,secondary_5y_eye_retention,I125_plaque,I-125 plaque,arm_i125,650,569,87.53846153846153,Page 1 abstract and Table 4,"Kaplan-Meier estimate of enucleation by 5 years was 12.5% (95% CI, 10.0%-15.6%); 69 eyes were enucleated.",Jampol 2020 | Brachytherapy
SCR00797,Jampol 2020,2020,Brachytherapy,Brachytherapy (I-125 or Ru-106 plaque),5y_local_control_success,local_control,primary_5y_local_control,I125_plaque,I-125 plaque,arm_i125,650,583,89.6923076923077,Page 1 abstract and Table 4,"Risk of treatment failure was 10.3% (95% CI, 8.0%-13.2%); treatment failure was reported for 57 eyes.",Jampol 2020 | Brachytherapy
SCR00827,Pagliara 2020,2020,Brachytherapy,Brachytherapy (I-125 or Ru-106 plaque),5y_visual_acuity_20_200,visual_acuity,secondary_5y_visual_acuity_20_200,Ru106_plaque,Ru-106 plaque,arm_ru106,152,119,78.28947368421052,"Page 3, Table III","VA >=20/200: 100% baseline, 93% at 1 year, 84% at 3 years, 78% at 5 years.",Pagliara 2020 | Brachytherapy
SCR00882,Espensen 2019,2019,Brachytherapy,Brachytherapy (I-125 or Ru-106 plaque),5y_local_control_success,local_control,primary_5y_local_control,Ru106_plaque,Ru-106 plaque,arm_ru106,226,176,77.87610619469027,"Page 5, Table 2","50 recurrences were observed, and the overall five-year local control estimate was 78%.",Espensen 2019 | Brachytherapy
SCR00882,Espensen 2019,2019,Brachytherapy,Brachytherapy (I-125 or Ru-106 plaque),5y_radiation_maculopathy,radiation_maculopathy,secondary_5y_radiation_maculopathy,Ru106_plaque,Ru-106 plaque,arm_ru106,226,124,54.86725663716814,"Page 5, Table 2",Maculopathy: 64 (29%); 5-year probability of freedom from toxicity 45%.,Espensen 2019 | Brachytherapy
SCR00882,Espensen 2019,2019,Brachytherapy,Brachytherapy (I-125 or Ru-106 plaque),5y_radiation_optic_neuropathy,radiation_optic_neuropathy,secondary_5y_radiation_optic_neuropathy,Ru106_plaque,Ru-106 plaque,arm_ru106,226,72,31.858407079646017,"Page 5, Table 2",Optic neuropathy: 62 (28%); 5-year probability of freedom from toxicity 68%.,Espensen 2019 | Brachytherapy
SCR00886,Toutee 2019,2019,Proton,Proton beam therapy,5y_local_control_success,local_control,primary_5y_local_control,PBT,Proton beam,arm_pbt,424,424,100,Pages 3-4,All T1UM patients with at least 5 years of follow-up were included; no ocular recurrence was observed.,Toutee 2019 | Proton
SCR00886,Toutee 2019,2019,Proton,Proton beam therapy,5y_metastasis,metastasis,secondary_5y_metastasis,PBT,Proton beam,arm_pbt,424,12,2.830188679245283,"Page 4, Table 2 and page 8",Patients with UM metastases during 5-year follow-up: 12; T1UM can be life-threatening with 2.8% of metastases at 5 years.,Toutee 2019 | Proton
SCR00886,Toutee 2019,2019,Proton,Proton beam therapy,5y_visual_acuity_20_200,visual_acuity,secondary_5y_visual_acuity_20_200,PBT,Proton beam,arm_pbt,424,279,65.80188679245283,Page 6,The probability of patients retaining vision of 20/200 or better was 65.9% (CI95%: 61.5-70.7) at 5 years.,Toutee 2019 | Proton
SCR00986,Miguel 2018 Part II,2018,Brachytherapy,Brachytherapy (I-125 or Ru-106 plaque),5y_neovascular_glaucoma,neovascular_glaucoma,secondary_5y_neovascular_glaucoma,I125_plaque,I-125 plaque,arm_i125,243,27,11.11111111111111,"Pages 1 and 3, Table 1",Neovascular glaucoma: 5-year survival probability 89%; crude events 29 of 243.,Miguel 2018 Part II | Brachytherapy
SCR00986,Miguel 2018 Part II,2018,Brachytherapy,Brachytherapy (I-125 or Ru-106 plaque),5y_radiation_optic_neuropathy,radiation_optic_neuropathy,secondary_5y_radiation_optic_neuropathy,I125_plaque,I-125 plaque,arm_i125,243,51,20.987654320987655,"Pages 1 and 3, Table 1",Neuropathy: 5-year survival probability 79%; crude events 53 of 243.,Miguel 2018 Part II | Brachytherapy
SCR00987,Miguel 2018a,2018,Brachytherapy,Brachytherapy (I-125 or Ru-106 plaque),5y_disease_specific_survival,disease_specific_survival,secondary_5y_disease_specific_survival,I125_plaque,I-125 plaque,arm_i125,243,233,95.88477366255144,Pages 5-6 Figure 1 and Table 4,5-year melanoma-specific survival rates were 96% (95% CI 93-99%),Miguel 2018a | Brachytherapy
SCR00987,Miguel 2018a,2018,Brachytherapy,Brachytherapy (I-125 or Ru-106 plaque),5y_eye_retention_success,eye_retention,secondary_5y_eye_retention,I125_plaque,I-125 plaque,arm_i125,243,214,88.06584362139918,Page 4 Figure 1 and Table 4,5-year actuarial enucleation-free rate 88% (95% CI 84-92%),Miguel 2018a | Brachytherapy
SCR00987,Miguel 2018a,2018,Brachytherapy,Brachytherapy (I-125 or Ru-106 plaque),5y_local_control_success,local_control,primary_5y_local_control,I125_plaque,I-125 plaque,arm_i125,243,228,93.82716049382717,Page 4 Figure 1 and Table 4,5-year probability for no local recurrence 94% (95% CI 91-97%),Miguel 2018a | Brachytherapy
SCR00987,Miguel 2018a,2018,Brachytherapy,Brachytherapy (I-125 or Ru-106 plaque),5y_overall_survival,overall_survival,secondary_5y_overall_survival,I125_plaque,I-125 plaque,arm_i125,243,226,93.00411522633745,Page 5 Figure 1 and Table 4,5-year melanoma overall survival rate 93% (95% CI 90-96%),Miguel 2018a | Brachytherapy
SCR01026,Miguel 2018b,2018,Brachytherapy,Brachytherapy (I-125 or Ru-106 plaque),5y_visual_acuity_20_200,visual_acuity,secondary_5y_visual_acuity_20_200,I125_plaque,I-125 plaque,arm_i125_visual_subset,185,107,57.83783783783784,Page 4 Figure 2,VA preservation rates at 5 years were 42% (95% CI 33-51%),Miguel 2018b | Brachytherapy
SCR01073,Rospond-Kubiak 2017,2017,Brachytherapy,Brachytherapy (I-125 or Ru-106 plaque),5y_eye_retention_success,eye_retention,secondary_5y_eye_retention,Ru106_plaque,Ru-106 plaque,arm_ru106,126,117,92.85714285714286,Page 3 Figure 2,The eye retention rate was 92.7% at 5 years,Rospond-Kubiak 2017 | Brachytherapy
SCR01073,Rospond-Kubiak 2017,2017,Brachytherapy,Brachytherapy (I-125 or Ru-106 plaque),5y_local_control_success,local_control,primary_5y_local_control,Ru106_plaque,Ru-106 plaque,arm_ru106,126,105,83.33333333333333,Page 3,Local tumor control was 83.3% at 5 years,Rospond-Kubiak 2017 | Brachytherapy
SCR01073,Rospond-Kubiak 2017,2017,Brachytherapy,Brachytherapy (I-125 or Ru-106 plaque),5y_metastasis_free_survival,metastasis_free_survival,secondary_5y_metastasis_free_survival,Ru106_plaque,Ru-106 plaque,arm_ru106,126,107,84.92063492063492,Page 3 Figure 3,5-year cancer-free survival reached 84.6%,Rospond-Kubiak 2017 | Brachytherapy
SCR01073,Rospond-Kubiak 2017,2017,Brachytherapy,Brachytherapy (I-125 or Ru-106 plaque),complication_neovascular_glaucoma,neovascular_glaucoma,secondary_complications,Ru106_plaque,Ru-106 plaque,arm_ru106,126,6,4.761904761904762,Page 4 Table 2,Radiation side effects: Neovascular glaucoma 6,Rospond-Kubiak 2017 | Brachytherapy
SCR01073,Rospond-Kubiak 2017,2017,Brachytherapy,Brachytherapy (I-125 or Ru-106 plaque),complication_radiation_maculopathy,radiation_maculopathy,secondary_complications,Ru106_plaque,Ru-106 plaque,arm_ru106,126,50,39.682539682539684,Page 4 Table 2,Radiation side effects: Maculopathy 50,Rospond-Kubiak 2017 | Brachytherapy
SCR01093,Danish 2018,2018,Brachytherapy,Brachytherapy (I-125 or Ru-106 plaque),5y_metastasis_free_survival,metastasis_free_survival,secondary_5y_metastasis_free_survival,Ru106_plaque,Ru-106 plaque,arm_ru106,42,33,78.57142857142857,Page 3 Figure 1,Five-year DMFS was 78.6% in the 106Ru cohort,Danish 2018 | Brachytherapy
SCR01093,Danish 2018,2018,Brachytherapy,Brachytherapy (I-125 or Ru-106 plaque),5y_overall_survival,overall_survival,secondary_5y_overall_survival,Ru106_plaque,Ru-106 plaque,arm_ru106,42,34,80.95238095238095,Page 3,Five-year OS was 80.2% in the 106Ru cohort,Danish 2018 | Brachytherapy
SCR01111,Papakostas 2017,2017,Proton,Proton beam therapy,5y_eye_retention_success,eye_retention,secondary_5y_eye_retention,PBT,Proton beam,arm_pbt,336,260,77.38095238095238,Page 4 Table 2,Eye retention 77.4% (95% CI 71.1-82.5%) at 5 years,Papakostas 2017 | Proton
SCR01111,Papakostas 2017,2017,Proton,Proton beam therapy,5y_local_control_success,local_control,primary_5y_local_control,PBT,Proton beam,arm_pbt,336,310,92.26190476190476,Page 3,Tumors recurred locally in 7.8% (95% CI 4.8-12.6%) at 5 years,Papakostas 2017 | Proton
SCR01111,Papakostas 2017,2017,Proton,Proton beam therapy,5y_melanoma_specific_survival,melanoma_specific_survival,secondary_5y_melanoma_specific_survival,PBT,Proton beam,arm_pbt,336,228,67.85714285714286,Page 5 Discussion,The 5-year rate of melanoma-related mortality in our cohort was 32%,Papakostas 2017 | Proton
SCR01111,Papakostas 2017,2017,Proton,Proton beam therapy,5y_visual_acuity_20_200,visual_acuity,secondary_5y_visual_acuity_20_200,PBT,Proton beam,arm_pbt,244,39,15.98360655737705,Pages 3-4 Table 2,Visual acuity 20/200 or better 15.9% (95% CI 10.6-22.1%) at 5 years,Papakostas 2017 | Proton
SCR01111,Papakostas 2017,2017,Proton,Proton beam therapy,complication_neovascular_glaucoma,neovascular_glaucoma,secondary_complications,PBT,Proton beam,arm_pbt,336,117,34.82142857142857,Page 3 and Table 3,"By 5 years after irradiation, 34.9% had developed neovascular glaucoma",Papakostas 2017 | Proton
SCR01115,Meeralakshmi 2017,2017,Brachytherapy,Brachytherapy (I-125 or Ru-106 plaque),5y_overall_survival,overall_survival,secondary_5y_overall_survival,I125_plaque,I-125 plaque,arm_i125,22,20,90.9090909090909,Pages 1-2 Table 2,Kaplan-Meier survival at 5 years for the brachytherapy group was 89%,Meeralakshmi 2017 | Brachytherapy
SCR01115,Meeralakshmi 2017,2017,Brachytherapy,Brachytherapy (I-125 or Ru-106 plaque),complication_radiation_optic_neuropathy,radiation_optic_neuropathy,secondary_complications,I125_plaque,I-125 plaque,arm_i125,22,4,18.181818181818183,Page 2,Radiation neuropathy in 4 (18%),Meeralakshmi 2017 | Brachytherapy
SCR01150,Riechardt 2017,2017,Proton,Proton beam therapy,5y_melanoma_specific_survival,melanoma_specific_survival,secondary_5y_melanoma_specific_survival,PBT,Proton beam,arm_pbt,629,610,96.97933227344993,Page 2,Tumor-associated death was 3% (1.8-4.9%),Riechardt 2017 | Proton
SCR01150,Riechardt 2017,2017,Proton,Proton beam therapy,5y_metastasis_free_survival,metastasis_free_survival,secondary_5y_metastasis_free_survival,PBT,Proton beam,arm_pbt,629,566,89.98410174880763,Page 2,Metastasis-free survival 90% (87-92%),Riechardt 2017 | Proton
SCR01150,Riechardt 2017,2017,Proton,Proton beam therapy,5y_overall_survival,overall_survival,secondary_5y_overall_survival,PBT,Proton beam,arm_pbt,629,591,93.95866454689984,Page 2,5-year overall survival rate was 94% (92-96%),Riechardt 2017 | Proton
SCR01150,Riechardt 2017,2017,Proton,Proton beam therapy,complication_neovascular_glaucoma,neovascular_glaucoma,secondary_complications,PBT,Proton beam,arm_pbt,629,66,10.492845786963434,Page 3 Figure 1,The five-year Kaplan-Meier estimation for NVG was 10.5% (95% CI 8-13.5%),Riechardt 2017 | Proton
SCR01150,Riechardt 2017,2017,Proton,Proton beam therapy,complication_radiation_optic_neuropathy,radiation_optic_neuropathy,secondary_complications,PBT,Proton beam,arm_pbt,629,399,63.43402225755167,Page 3,5-year Kaplan-Meier estimator was 36.6% for the absence of optic neuropathy,Riechardt 2017 | Proton
SCR01287,Seibel 2016,2016,Proton,Proton beam therapy,complication_radiation_optic_neuropathy,radiation_optic_neuropathy,secondary_complications,PBT,Proton beam,arm_pbt,1127,586,51.99645075421473,Pages 2-3 Figure 2,Optic neuropathy-free survival was 48.0% after 5 years; total 5-year incidence was 52%,Seibel 2016 | Proton
SCR01310,Weber 2015,2015,Proton,Proton beam therapy,5y_eye_retention_success,eye_retention,secondary_5y_eye_retention,PBT,Proton beam,arm_pbt,77,60,77.92207792207792,Page 3,The enucleation rate was 22% after both 5 and 10 years,Weber 2015 | Proton
SCR01310,Weber 2015,2015,Proton,Proton beam therapy,5y_local_control_success,local_control,primary_5y_local_control,PBT,Proton beam,arm_pbt,77,66,85.71428571428571,Page 3 Table 2,Ocular control all patients: 85.1% at 5 years,Weber 2015 | Proton
SCR01310,Weber 2015,2015,Proton,Proton beam therapy,5y_metastasis_free_survival,metastasis_free_survival,secondary_5y_metastasis_free_survival,PBT,Proton beam,arm_pbt,77,55,71.42857142857143,Page 3 Table 2,Metastasis-free survival all patients: 71.6% at 5 years,Weber 2015 | Proton
SCR01310,Weber 2015,2015,Proton,Proton beam therapy,5y_overall_survival,overall_survival,secondary_5y_overall_survival,PBT,Proton beam,arm_pbt,77,59,76.62337662337663,Page 3 Table 2,Overall survival all patients: 76.8% at 5 years,Weber 2015 | Proton
SCR01310,Weber 2015,2015,Proton,Proton beam therapy,5y_visual_acuity_20_200,visual_acuity,secondary_5y_visual_acuity_20_200,PBT,Proton beam,arm_pbt,67,25,37.3134328358209,Page 3,"Of 67 with initial VA 20/200 or better, conservation was 37% after 5 years",Weber 2015 | Proton
SCR01310,Weber 2015,2015,Proton,Proton beam therapy,complication_neovascular_glaucoma,neovascular_glaucoma,secondary_complications,PBT,Proton beam,arm_pbt,77,18,23.376623376623378,Page 3,Main ocular complications were ... NVG (23%),Weber 2015 | Proton
SCR01330,Jancar 2016,2016,Brachytherapy,Brachytherapy (I-125 or Ru-106 plaque),5y_disease_specific_survival,disease_specific_survival,secondary_5y_disease_specific_survival,Ru106_plaque,Ru-106 plaque,arm_ru106,127,117,92.1259842519685,Page 4 Table 3,Ruthenium DSS 5 yrs 92,Jancar 2016 | Brachytherapy
SCR01330,Jancar 2016,2016,Brachytherapy,Brachytherapy (I-125 or Ru-106 plaque),5y_local_control_success,local_control,primary_5y_local_control,Ru106_plaque,Ru-106 plaque,arm_ru106,127,99,77.95275590551181,Page 4 Table 3,Ruthenium LRC 5 yrs 78,Jancar 2016 | Brachytherapy
SCR01330,Jancar 2016,2016,Brachytherapy,Brachytherapy (I-125 or Ru-106 plaque),5y_metastasis,metastasis,secondary_5y_metastasis,Ru106_plaque,Ru-106 plaque,arm_ru106,127,14,11.023622047244094,Page 5 Figure 2 text,At 5 years incidence was 11% for irradiated patients,Jancar 2016 | Brachytherapy
SCR01330,Jancar 2016,2016,Brachytherapy,Brachytherapy (I-125 or Ru-106 plaque),5y_overall_survival,overall_survival,secondary_5y_overall_survival,Ru106_plaque,Ru-106 plaque,arm_ru106,127,110,86.61417322834646,Page 4 Table 3,Ruthenium OS 5 yrs 87,Jancar 2016 | Brachytherapy
SCR01549,Sagoo 2014,2014,Brachytherapy,Brachytherapy (I-125 or Ru-106 plaque),5y_eye_retention_success,eye_retention,secondary_5y_eye_retention,I125_plaque,I-125 plaque,arm_plaque,549,461,83.97085610200364,Page 1 Abstract,globe retention was 84% at 5 years,Sagoo 2014 | Brachytherapy
SCR01549,Sagoo 2014,2014,Brachytherapy,Brachytherapy (I-125 or Ru-106 plaque),5y_visual_acuity_20_200,visual_acuity,secondary_5y_visual_acuity_20_200,I125_plaque,I-125 plaque,arm_plaque,549,296,53.916211293260474,Pages 1 and 3,20/200 or worse in 54% at 5 years,Sagoo 2014 | Brachytherapy
SCR01549,Sagoo 2014,2014,Brachytherapy,Brachytherapy (I-125 or Ru-106 plaque),complication_neovascular_glaucoma,neovascular_glaucoma,secondary_complications,I125_plaque,I-125 plaque,arm_plaque,549,82,14.936247723132968,Pages 1-2 and Table 1,neovascular glaucoma 15% at 5 years,Sagoo 2014 | Brachytherapy
SCR01549,Sagoo 2014,2014,Brachytherapy,Brachytherapy (I-125 or Ru-106 plaque),complication_radiation_maculopathy,radiation_maculopathy,secondary_complications,I125_plaque,I-125 plaque,arm_plaque,549,307,55.919854280510016,Pages 1-2 and Table 1,maculopathy 56% at 5 years,Sagoo 2014 | Brachytherapy
SCR01549,Sagoo 2014,2014,Brachytherapy,Brachytherapy (I-125 or Ru-106 plaque),complication_radiation_optic_neuropathy,radiation_optic_neuropathy,secondary_complications,I125_plaque,I-125 plaque,arm_plaque,549,335,61.0200364298725,Pages 1-2 and Table 1,papillopathy 61% at 5 years,Sagoo 2014 | Brachytherapy
SCR01628,Berry 2013,2013,Brachytherapy,Brachytherapy (I-125 or Ru-106 plaque),5y_eye_retention_success,secondary_enucleation,secondary_5y_eye_retention,I125_plaque,I-125 plaque,arm_eye_physics,82,80,97.5609756097561,Page 5 Table 2,Enucleation at 5 y 3.0%,Berry 2013 | Brachytherapy
SCR01628,Berry 2013,2013,Brachytherapy,Brachytherapy (I-125 or Ru-106 plaque),5y_local_control_success,local_control,primary_5y_local_control,I125_plaque,I-125 plaque,arm_eye_physics,82,80,97.5609756097561,Pages 4-5 Figure 2,local tumor control at 5 years was 97% (95% CI 89-99),Berry 2013 | Brachytherapy
SCR01628,Berry 2013,2013,Brachytherapy,Brachytherapy (I-125 or Ru-106 plaque),5y_metastasis,metastasis,secondary_5y_metastasis,I125_plaque,I-125 plaque,arm_eye_physics,82,9,10.975609756097562,Page 5 Table 2,Metastatic disease at 5 y 11,Berry 2013 | Brachytherapy
SCR01628,Berry 2013,2013,Brachytherapy,Brachytherapy (I-125 or Ru-106 plaque),5y_metastasis_free_survival,metastasis_free_survival,secondary_5y_metastasis_free_survival,I125_plaque,I-125 plaque,arm_eye_physics,82,73,89.02439024390245,Page 5 Figure 3,survival without metastatic disease at 60 months is 89% (95% CI 77-95),Berry 2013 | Brachytherapy
SCR01685,Kwon 2013,2013,Brachytherapy,Brachytherapy (I-125 or Ru-106 plaque),5y_disease_specific_survival,disease_specific_survival,secondary_5y_disease_specific_survival,Ru106_plaque,Ru-106 plaque,arm_ru106_combined,61,53,86.88524590163935,Page 2 and Table 1,disease-specific survival rate 87.7% (95% CI 77.8 to 97.7),Kwon 2013 | Brachytherapy
SCR01685,Kwon 2013,2013,Brachytherapy,Brachytherapy (I-125 or Ru-106 plaque),5y_eye_retention_success,secondary_enucleation,secondary_5y_eye_retention,Ru106_plaque,Ru-106 plaque,arm_ru106_combined,61,46,75.40983606557377,Pages 3-4,Thirteen out of 61 underwent enucleation; estimated 5-year enucleation rate was 25.4%,Kwon 2013 | Brachytherapy
SCR01685,Kwon 2013,2013,Brachytherapy,Brachytherapy (I-125 or Ru-106 plaque),5y_metastasis_free_survival,metastasis_free_survival,secondary_5y_metastasis_free_survival,Ru106_plaque,Ru-106 plaque,arm_ru106_combined,61,48,78.68852459016394,Page 2 and Table 1,5-year metastasis-free rate 79.0% (95% CI 67.3 to 90.8),Kwon 2013 | Brachytherapy
SCR01685,Kwon 2013,2013,Brachytherapy,Brachytherapy (I-125 or Ru-106 plaque),5y_overall_survival,overall_survival,secondary_5y_overall_survival,Ru106_plaque,Ru-106 plaque,arm_ru106_combined,61,51,83.60655737704919,Page 2 and Table 1,overall survival rate 84.0% (95% CI 72.2 to 95.8),Kwon 2013 | Brachytherapy
SCR01706,Perri 2012,2012,Brachytherapy,Brachytherapy (I-125 or Ru-106 plaque),5y_local_control_success,local_control,primary_5y_local_control,Ru106_plaque,Ru-106 plaque,arm_ru106,133,113,84.9624060150376,Page 2 results and Figure 3,"Local recurrence free survival at 5, 10 and 15 years was 85%, 79%, 76%.",Perri 2012 | Brachytherapy
SCR01706,Perri 2012,2012,Brachytherapy,Brachytherapy (I-125 or Ru-106 plaque),5y_overall_survival,overall_survival,secondary_5y_overall_survival,Ru106_plaque,Ru-106 plaque,arm_ru106,133,122,91.72932330827068,Page 2 results and Figure 1,"The actuarial overall survival rates at 5, 10 and 15 years were 92%, 85%, and 78%.",Perri 2012 | Brachytherapy
SCR01706,Perri 2012,2012,Brachytherapy,Brachytherapy (I-125 or Ru-106 plaque),5y_visual_acuity_20_200,visual_acuity,secondary_5y_visual_acuity_20_200,Ru106_plaque,Ru-106 plaque,arm_ru106,91,11,12.087912087912088,Table II,"At 5 years, BCVA < 1/10 was reported in 11 of 91 patients (12.08%).",Perri 2012 | Brachytherapy
SCR01706,Perri 2012,2012,Brachytherapy,Brachytherapy (I-125 or Ru-106 plaque),complication_neovascular_glaucoma,neovascular_glaucoma,secondary_complications,Ru106_plaque,Ru-106 plaque,arm_ru106,133,0,0,Page 3 treatment safety,No case of neovascular glaucoma was recorded.,Perri 2012 | Brachytherapy
SCR01706,Perri 2012,2012,Brachytherapy,Brachytherapy (I-125 or Ru-106 plaque),complication_radiation_maculopathy,radiation_maculopathy,secondary_complications,Ru106_plaque,Ru-106 plaque,arm_ru106,133,3,2.255639097744361,Table III,Maculopathy 3 (2.2%).,Perri 2012 | Brachytherapy
SCR01890,Macdonald 2011,2011,Proton,Proton beam therapy,5y_disease_specific_survival,disease_specific_survival,secondary_5y_disease_specific_survival,PBT,Proton beam,arm_pbt,147,129,87.75510204081633,Page 2,5-year disease-specific survival rate was 87.7% (95% CI 81.2% to 94.2%),Macdonald 2011 | Proton
SCR01890,Macdonald 2011,2011,Proton,Proton beam therapy,5y_eye_retention_success,eye_retention,secondary_5y_eye_retention,PBT,Proton beam,arm_pbt,147,105,71.42857142857143,Page 2,5-year eye retention rate was 71.3% (95% CI 62.3% to 80.3%),Macdonald 2011 | Proton
SCR02231,Puusaari 2007,2007,Brachytherapy,Brachytherapy (I-125 or Ru-106 plaque),5y_eye_retention_success,eye_retention,secondary_5y_eye_retention,I125_plaque,I-125 plaque,arm_i125,54,49,90.74074074074075,Page 9,5-year incidence of enucleation was 10% (95% CI 4-20) after IBT,Puusaari 2007 | Brachytherapy
SCR02231,Puusaari 2007,2007,Brachytherapy,Brachytherapy (I-125 or Ru-106 plaque),5y_local_control_success,local_recurrence,primary_5y_local_recurrence,I125_plaque,I-125 plaque,arm_i125,54,50,92.5925925925926,Page 7,"5-year cumulative incidences of local recurrence were 41% (95% CI, 17-63) and 7% (95% CI, 2-17), respectively",Puusaari 2007 | Brachytherapy
SCR02231,Puusaari 2007,2007,Brachytherapy,Brachytherapy (I-125 or Ru-106 plaque),complication_radiation_maculopathy,radiation_maculopathy,secondary_complications,I125_plaque,I-125 plaque,arm_i125,54,23,42.592592592592595,Page 9,"Maculopathy occurred within 5 years in 43% (95% CI, 22-62) of eyes managed with IBT",Puusaari 2007 | Brachytherapy
SCR02231,Puusaari 2007,2007,Brachytherapy,Brachytherapy (I-125 or Ru-106 plaque),complication_radiation_optic_neuropathy,radiation_optic_neuropathy,secondary_complications,I125_plaque,I-125 plaque,arm_i125,54,31,57.407407407407405,Page 9,"5-year cumulative incidence of optic neuropathy was 7% ... after TSR and 58% (95% CI, 36-75) after IBT",Puusaari 2007 | Brachytherapy
SCR02271,Isager 2006,2006,Brachytherapy,Brachytherapy (I-125 or Ru-106 plaque),5y_eye_retention_success,eye_retention,secondary_5y_eye_retention,Ru106_plaque,Ru-106 plaque,arm_ru106,55,40,72.72727272727273,Pages 1 and 5,5-year eye preservation probability ... was 72% (n=55),Isager 2006 | Brachytherapy
SCR02271,Isager 2006,2006,Brachytherapy,Brachytherapy (I-125 or Ru-106 plaque),5y_local_control_success,local_control,primary_5y_local_control,Ru106_plaque,Ru-106 plaque,arm_ru106,55,40,72.72727272727273,Pages 1 and 3,5-year probability for no local recurrence was 73% (n=55),Isager 2006 | Brachytherapy
SCR02344,Jensen 2005,2005,Brachytherapy,Brachytherapy (I-125 or Ru-106 plaque),5y_disease_specific_survival,disease_specific_survival,secondary_5y_disease_specific_survival,I125_plaque,I-125 plaque,arm_i125,156,142,91.02564102564102,Page 1 Abstract,The 5-year disease-specific survival was 91%,Jensen 2005 | Brachytherapy
SCR02344,Jensen 2005,2005,Brachytherapy,Brachytherapy (I-125 or Ru-106 plaque),5y_local_control_success,local_control,primary_5y_local_control,I125_plaque,I-125 plaque,arm_i125,156,144,92.3076923076923,Page 1 Abstract,Initial local control at 5 years was 92%,Jensen 2005 | Brachytherapy
SCR02344,Jensen 2005,2005,Brachytherapy,Brachytherapy (I-125 or Ru-106 plaque),5y_metastasis,metastasis,secondary_5y_metastasis,I125_plaque,I-125 plaque,arm_i125,156,16,10.256410256410257,Page 1 Abstract,The risk of metastasis was 10% at 5 years and 27% at 10 years,Jensen 2005 | Brachytherapy
SCR02344,Jensen 2005,2005,Brachytherapy,Brachytherapy (I-125 or Ru-106 plaque),5y_overall_survival,overall_survival,secondary_5y_overall_survival,I125_plaque,I-125 plaque,arm_i125,156,129,82.6923076923077,Page 1 Abstract,the 5-year overall survival was 83%,Jensen 2005 | Brachytherapy
SCR02350,Damato 2005,2005,Proton,Proton beam therapy,5y_eye_retention_success,eye_retention,secondary_5y_eye_retention,PBT,Proton beam,arm_pbt,349,316,90.54441260744986,Page 1 Abstract,5-year actuarial rates were ... 9.4% for enucleation,Damato 2005 | Proton
SCR02350,Damato 2005,2005,Proton,Proton beam therapy,5y_local_control_success,local_control,primary_5y_local_control,PBT,Proton beam,arm_pbt,349,337,96.56160458452722,Page 1 Abstract,5-year actuarial rates were 3.5% for local tumor recurrence,Damato 2005 | Proton
SCR02350,Damato 2005,2005,Proton,Proton beam therapy,5y_melanoma_specific_survival,melanoma_specific_survival,secondary_5y_melanoma_specific_survival,PBT,Proton beam,arm_pbt,349,314,89.97134670487107,Page 1 Abstract,10.0% for death from metastasis,Damato 2005 | Proton
SCR02350,Damato 2005,2005,Proton,Proton beam therapy,5y_visual_acuity_20_200,visual_acuity,secondary_5y_visual_acuity_20_200,PBT,Proton beam,arm_pbt,698,349,50,Page 1 Abstract,61.1% for conservation of vision of 20/200 or better,Damato 2005 | Proton
SCR02476,Bartlema 2003,2003,Brachytherapy,Brachytherapy (I-125 or Ru-106 plaque),complication_radiation_maculopathy,radiation_maculopathy,secondary_complications,Ru106_plaque,Ru-106 plaque,arm_ru106_ttt,50,26,52,Page 2,Kaplan-Meier estimate of the probability of radiation maculopathy was 51% at 5 years,Bartlema 2003 | Brachytherapy
SCR02479,Kivela 2003,2003,Brachytherapy,Brachytherapy (I-125 or Ru-106 plaque),complication_neovascular_glaucoma,neovascular_glaucoma,secondary_complications,I125_plaque,I-125 plaque,arm_i125,49,16,32.6530612244898,Page 7 results,"Of 22 patients with treatment-related glaucoma, 16 developed neovascular glaucoma.",Kivela 2003 | Brachytherapy
SCR02479,Kivela 2003,2003,Brachytherapy,Brachytherapy (I-125 or Ru-106 plaque),complication_radiation_maculopathy,radiation_maculopathy,secondary_complications,I125_plaque,I-125 plaque,arm_i125,49,25,51.02040816326531,Page 7 results,"Maculopathy developed in 25 patients after IBT, including 17 with radiation retinopathy.",Kivela 2003 | Brachytherapy
SCR02479,Kivela 2003,2003,Brachytherapy,Brachytherapy (I-125 or Ru-106 plaque),complication_radiation_optic_neuropathy,radiation_optic_neuropathy,secondary_complications,I125_plaque,I-125 plaque,arm_i125,49,16,32.6530612244898,Page 7 results,"Of 25 patients with optic neuropathy after IBT, 16 showed active radiation optic neuropathy.",Kivela 2003 | Brachytherapy
SCR02551,Gragoudas 2002,2002,Proton,Proton beam therapy,5y_local_control_success,local_recurrence,primary_5y_local_recurrence,PBT,Proton beam,arm_pbt,1922,1860,96.7741935483871,Page 3 Table I,"Year 5 cumulative rates 3.24%, 95% CI 2.47-4.24",Gragoudas 2002 | Proton
SCR02627,Lumbroso 2001,2001,Proton,Proton beam therapy,complication_neovascular_glaucoma,neovascular_glaucoma,secondary_complications,PBT,Proton beam,arm_pbt,435,43,9.885057471264368,Page 2,During the same period 43 (9.9%) patients presented with neovascular glaucoma,Lumbroso 2001 | Proton
SCR02685,Sia 2000,2000,Brachytherapy,Brachytherapy (I-125 or Ru-106 plaque),5y_disease_specific_survival,disease_specific_survival,secondary_5y_disease_specific_survival,I125_plaque,I-125 plaque,arm_i125,49,45,91.83673469387755,Page 3 Figure 2,Estimated 5-year disease-specific survival was 92%,Sia 2000 | Brachytherapy
SCR02685,Sia 2000,2000,Brachytherapy,Brachytherapy (I-125 or Ru-106 plaque),5y_local_control_success,local_control,primary_5y_local_control,I125_plaque,I-125 plaque,arm_i125,49,39,79.59183673469387,Page 3 Figure 1,Kaplan-Meier estimate of local control with EPT at 5 years is 80%,Sia 2000 | Brachytherapy
SCR02685,Sia 2000,2000,Brachytherapy,Brachytherapy (I-125 or Ru-106 plaque),5y_overall_survival,overall_survival,secondary_5y_overall_survival,I125_plaque,I-125 plaque,arm_i125,49,42,85.71428571428571,Page 3 Figure 3,Estimated 5-year disease-specific survival was 92% and overall survival 85%,Sia 2000 | Brachytherapy
SCR02737,Lommatzsch 2000,2000,Brachytherapy,Brachytherapy (I-125 or Ru-106 plaque),5y_melanoma_specific_survival,melanoma_specific_survival,secondary_5y_melanoma_specific_survival,Ru106_plaque,Ru-106 plaque,arm_ru106,140,125,89.28571428571429,Page 3 and Page 8,"5-, 10-, 15-, and 20-year survival rates considering confirmed and suspected tumor-related deaths were 89.6%, 81.0%, 66.7%, and 61.3%",Lommatzsch 2000 | Brachytherapy
SCR04951,Straatsma 2003,2003,Brachytherapy,Brachytherapy (I-125 or Ru-106 plaque),5y_overall_survival,overall_survival,secondary_5y_overall_survival,I125_plaque,I-125 plaque,arm_i125_coms,657,539,82.03957382039574,Page 3,Unadjusted estimated 5-year mortality rates were 19% for enucleation and 18% for brachytherapy,Straatsma 2003 | Brachytherapy
SCR06272,Naumenko 2021,2021,Brachytherapy,Brachytherapy (I-125 or Ru-106 plaque),5y_metastasis_free_survival,metastasis_free_survival,secondary_5y_metastasis_free_survival,Ru106_plaque,Ru-106 plaque,arm_bt,58,58,100,Page 4 Table 2,BT 5-years 100%,Naumenko 2021 | Brachytherapy
SCR07650,Wang 2025,2025,Brachytherapy,Brachytherapy (I-125 or Ru-106 plaque),5y_local_control_success,local_recurrence,primary_5y_local_recurrence,Ru106_plaque,Ru-106 plaque,arm_ru106,117,78,66.66666666666667,Page 14,"Brachytherapy failure in 39 eyes (33.3%) within five years, with a mean time to failure of 1.06 +/- 1.49 years.",Wang 2025 | Brachytherapy
SCR07650,Wang 2025,2025,Brachytherapy,Brachytherapy (I-125 or Ru-106 plaque),5y_metastasis,metastasis,secondary_5y_metastasis,Ru106_plaque,Ru-106 plaque,arm_ru106,117,20,17.094017094017094,Page 15,Tumor metastasis was detected in 25 patients (21.4%); the 5-year and 10-year metastasis rates were 17.1% and 28.3%.,Wang 2025 | Brachytherapy
SCR07650,Wang 2025,2025,Brachytherapy,Brachytherapy (I-125 or Ru-106 plaque),5y_overall_survival,overall_survival,secondary_5y_overall_survival,Ru106_plaque,Ru-106 plaque,arm_ru106,117,105,89.74358974358974,Page 16,"Among all 117 patients, the 5- and 10-year survival rates were 89.7% and 81.1%.",Wang 2025 | Brachytherapy
SCR07650,Wang 2025,2025,Brachytherapy,Brachytherapy (I-125 or Ru-106 plaque),complication_neovascular_glaucoma,neovascular_glaucoma,secondary_complications,Ru106_plaque,Ru-106 plaque,arm_ru106,117,16,13.675213675213675,Page 13,Radiation-induced eye diseases after 3.3 +/- 1.2 years included ... neovascular glaucoma (16 patients).,Wang 2025 | Brachytherapy
SCR07650,Wang 2025,2025,Brachytherapy,Brachytherapy (I-125 or Ru-106 plaque),complication_other,other,secondary_complications,Ru106_plaque,Ru-106 plaque,arm_ru106,117,4,3.4188034188034186,Page 13,Radiation-induced eye diseases ... included ... radiation retinopathy (4 patients).,Wang 2025 | Brachytherapy
SCR07650,Wang 2025,2025,Brachytherapy,Brachytherapy (I-125 or Ru-106 plaque),complication_radiation_maculopathy,radiation_maculopathy,secondary_complications,Ru106_plaque,Ru-106 plaque,arm_ru106,117,9,7.6923076923076925,Page 13,"Radiation-induced eye diseases ... included radiation-induced cataracts (16 patients), maculopathy (9 patients), radiation optic neuropathy (7 patients), radiation retinopathy (4 patients), and neovascular glaucoma (16 patients).",Wang 2025 | Brachytherapy
SCR07650,Wang 2025,2025,Brachytherapy,Brachytherapy (I-125 or Ru-106 plaque),complication_radiation_optic_neuropathy,radiation_optic_neuropathy,secondary_complications,Ru106_plaque,Ru-106 plaque,arm_ru106,117,7,5.982905982905983,Page 13,Radiation-induced eye diseases ... included ... radiation optic neuropathy (7 patients).,Wang 2025 | Brachytherapy
