"Stratum","Excluded","Arm","Se_mean","Se_lo","Se_hi","Sp_mean","Sp_lo","Sp_hi","Full_Se","Full_Sp"
"Established keratoconus vs normal","S28","Scheimpflug tomography",0.973861659490431,0.958739600302701,0.984920713587196,0.984987224831552,0.970744602696202,0.993721442892503,NA,NA
"Established keratoconus vs normal","S28","Placido topography",0.961617493054446,0.933906692357311,0.980086158343826,0.978880831399152,0.954462332699263,0.992648271717162,NA,NA
"Established keratoconus vs normal","S28","Biomechanics (Corvis ST)",0.922640985997687,0.836972162387473,0.971732779136535,0.961246120814606,0.882968041357974,0.992768041661531,NA,NA
"Established keratoconus vs normal","S28","OCT",0.956935828338068,0.910422167336839,0.98283952550491,0.978616782469957,0.934071965254532,0.99614093737441,NA,NA
"Established keratoconus vs normal","S04","Scheimpflug tomography",0.97153989329974,0.956761346288412,0.982897298994641,0.983971256904469,0.969853730018742,0.992831792805151,NA,NA
"Established keratoconus vs normal","S04","Placido topography",0.961826607425617,0.936673680667309,0.979565693433014,0.978124152311495,0.953466770800731,0.991810651135258,NA,NA
"Established keratoconus vs normal","S04","Biomechanics (Corvis ST)",0.952725131469424,0.888490788839664,0.985997907456995,0.954506960488693,0.850611847660183,0.992367365605836,NA,NA
"Established keratoconus vs normal","S04","OCT",0.958045068245157,0.91298028110034,0.983030842803495,0.977050682209363,0.931148768329424,0.994970014140615,NA,NA
"Established keratoconus vs normal","S22","Scheimpflug tomography",0.972498198290457,0.956630953276936,0.984246836474982,0.984397437763135,0.969564798474471,0.993636820716866,NA,NA
"Established keratoconus vs normal","S22","Placido topography",0.962400184343046,0.930526660157946,0.981970881402787,0.976502923318756,0.946513701993715,0.992310858845455,NA,NA
"Established keratoconus vs normal","S22","Biomechanics (Corvis ST)",0.924321561931131,0.839604295820022,0.972830385359178,0.961684218877812,0.875094585765013,0.993321727353956,NA,NA
"Established keratoconus vs normal","S22","OCT",0.957078504830471,0.908534529733743,0.984263174271651,0.977490523997238,0.935279759097711,0.995593345260133,NA,NA
"Established keratoconus vs normal","S21e","Scheimpflug tomography",0.972111873293929,0.956336576735885,0.983836792959619,0.983722970818087,0.969361287906932,0.992858722491575,NA,NA
"Established keratoconus vs normal","S21e","Placido topography",0.96166907465367,0.932307947068905,0.980341247555786,0.978017753099034,0.952040591651832,0.991605817423783,NA,NA
"Established keratoconus vs normal","S21e","Biomechanics (Corvis ST)",0.924133225723793,0.842501506405499,0.974239243108153,0.960972105312312,0.880208760827182,0.992455896863287,NA,NA
"Established keratoconus vs normal","S21e","OCT",0.962198727803365,0.912524259262123,0.987261159459635,0.986286674530146,0.954108270132677,0.998112684396552,NA,NA
"Established keratoconus vs normal","S21a","Scheimpflug tomography",0.970514114467002,0.953147230143785,0.9821457984088,0.985941931993973,0.971799009573015,0.994091149639766,NA,NA
"Established keratoconus vs normal","S21a","Placido topography",0.961909757725695,0.933398796590532,0.979965788604506,0.978290626078778,0.951488717731522,0.992409127502577,NA,NA
"Established keratoconus vs normal","S21a","Biomechanics (Corvis ST)",0.923018177168818,0.838898338654812,0.972454546113165,0.963442011724153,0.887688447119182,0.993757882393487,NA,NA
"Established keratoconus vs normal","S21a","OCT",0.958308338808551,0.914327732937493,0.984145162624654,0.977308834475647,0.933515248417234,0.996439394633631,NA,NA
"Established keratoconus vs normal","S21b","Scheimpflug tomography",0.971822699001504,0.956151169034412,0.983706962717747,0.983827665402692,0.969840313682006,0.99264880603956,NA,NA
"Established keratoconus vs normal","S21b","Placido topography",0.96122748480533,0.931152680036715,0.980838582922766,0.978598306607559,0.954401536040727,0.99205431761439,NA,NA
"Established keratoconus vs normal","S21b","Biomechanics (Corvis ST)",0.924279258042258,0.838153188183722,0.973175832827611,0.964416517479453,0.896935574620871,0.99270742549593,NA,NA
"Established keratoconus vs normal","S21b","OCT",0.958406622855,0.905730898497454,0.985762966684217,0.97119831724035,0.912749541308357,0.994920758530733,NA,NA
"Established keratoconus vs normal","S21f","Scheimpflug tomography",0.972306541031098,0.957447977131692,0.983208283277866,0.984882750794146,0.970489016747347,0.993546962488797,NA,NA
"Established keratoconus vs normal","S21f","Placido topography",0.953748949484763,0.919663872051038,0.975843422738605,0.97838871489426,0.947968049878431,0.99311034001206,NA,NA
"Established keratoconus vs normal","S21f","Biomechanics (Corvis ST)",0.923130866363687,0.844110867382309,0.971410096991778,0.963066841397405,0.882380098052642,0.993343802393314,NA,NA
"Established keratoconus vs normal","S21f","OCT",0.958534036158413,0.911208347661596,0.983918565127355,0.977144942803753,0.930371961510212,0.99549021043793,NA,NA
"Established keratoconus vs normal","S21d","Scheimpflug tomography",0.972864277927221,0.957198059987159,0.984229423387723,0.984383969546609,0.969717505897824,0.993443871218561,NA,NA
"Established keratoconus vs normal","S21d","Placido topography",0.962548625727806,0.93246264456603,0.982378896545268,0.976327601779,0.94728466338937,0.991910932269997,NA,NA
"Established keratoconus vs normal","S21d","Biomechanics (Corvis ST)",0.924421770882343,0.837584501695722,0.972864235420348,0.962620714106765,0.887914591752816,0.993360927604637,NA,NA
"Established keratoconus vs normal","S21d","OCT",0.957307232252622,0.908442588206648,0.983634531226677,0.977960156774356,0.935656115001025,0.995470190978419,NA,NA
"Established keratoconus vs normal","S21","Scheimpflug tomography",0.972909754971708,0.956876380980827,0.985054307088792,0.983822698115183,0.968616930666801,0.993043881166782,NA,NA
"Established keratoconus vs normal","S21","Placido topography",0.96124121894224,0.931731570837397,0.979875639422161,0.978671127998905,0.951688616181815,0.991995599737492,NA,NA
"Established keratoconus vs normal","S21","Biomechanics (Corvis ST)",0.923844047111166,0.836656012192493,0.974105150650613,0.962080884485907,0.884384567423417,0.993469426072189,NA,NA
"Established keratoconus vs normal","S21","OCT",0.957837883222545,0.90088175218359,0.98712626208362,0.980905192231454,0.935777001102137,0.99753900639156,NA,NA
"Established keratoconus vs normal","S21c","Scheimpflug tomography",0.972177574244739,0.956269420261787,0.98372329716944,0.984930300406237,0.970655669566299,0.993540518854708,NA,NA
"Established keratoconus vs normal","S21c","Placido topography",0.965429554634102,0.936366646715808,0.98330725219321,0.974250305712497,0.941534796470701,0.991287310788172,NA,NA
"Established keratoconus vs normal","S21c","Biomechanics (Corvis ST)",0.922616086489659,0.834842985159729,0.972318726436765,0.96234029579108,0.874775636628178,0.993518322613995,NA,NA
"Established keratoconus vs normal","S21c","OCT",0.957254584492098,0.909211803433324,0.983276064307351,0.977917864886264,0.933934032248683,0.996558980076484,NA,NA
"Established keratoconus vs normal","S20a","Scheimpflug tomography",0.974163562991492,0.957698102455979,0.985649652237254,0.980404333177681,0.963716227584221,0.990668445625856,NA,NA
"Established keratoconus vs normal","S20a","Placido topography",0.960742409259417,0.931335847509766,0.980236472670693,0.97808968960242,0.954352691158889,0.991529608006227,NA,NA
"Established keratoconus vs normal","S20a","Biomechanics (Corvis ST)",0.922418822718897,0.834068995796534,0.973380263917033,0.964447359250117,0.898937374535122,0.992671486004362,NA,NA
"Established keratoconus vs normal","S20a","OCT",0.956821892912021,0.907593083371218,0.984673248171316,0.97752636614273,0.939757250516491,0.995672273501259,NA,NA
"Established keratoconus vs normal","S10","Scheimpflug tomography",0.971848142262489,0.956162209253117,0.983558695284632,0.983845967531136,0.968572958130286,0.993111284529557,NA,NA
"Established keratoconus vs normal","S10","Placido topography",0.96164332348593,0.931972105131102,0.981097849523345,0.978363167425461,0.949459286199173,0.992669231636386,NA,NA
"Established keratoconus vs normal","S10","Biomechanics (Corvis ST)",0.923927470671722,0.838516528611237,0.971457129936107,0.963141243110077,0.876531967169538,0.993302299830229,NA,NA
"Established keratoconus vs normal","S10","OCT",0.957909680162879,0.910859005718702,0.984366481853962,0.977864712057257,0.929575271805154,0.996153212908608,NA,NA
"Established keratoconus vs normal","S23","Scheimpflug tomography",0.972826707939547,0.957360601530638,0.983871371231321,0.98415070741281,0.96859506054904,0.994053951744978,NA,NA
"Established keratoconus vs normal","S23","Placido topography",0.957386391291427,0.925586981181786,0.978873178072696,0.976029379289286,0.943502854394555,0.991847388412697,NA,NA
"Established keratoconus vs normal","S23","Biomechanics (Corvis ST)",0.922463623680141,0.839735617610043,0.971038264812318,0.963731738904019,0.882365682091202,0.993392893500231,NA,NA
"Established keratoconus vs normal","S23","OCT",0.95766974176356,0.91148094560148,0.983829045777208,0.977415110467625,0.930033444885703,0.996289758063177,NA,NA
"Established keratoconus vs normal","S02","Scheimpflug tomography",0.972859062494132,0.958180653042796,0.983867344847046,0.984343578935881,0.970085900023957,0.993292873931364,NA,NA
"Established keratoconus vs normal","S02","Placido topography",0.960960769723433,0.932571711256718,0.980208299953899,0.978804603665334,0.955713797025759,0.991836671647275,NA,NA
"Established keratoconus vs normal","S02","Biomechanics (Corvis ST)",0.922152442472226,0.843412648550294,0.970323001624849,0.963893913243921,0.89283332889984,0.992878332091325,NA,NA
"Established keratoconus vs normal","S02","OCT",0.946333082719857,0.882128184867176,0.98087843009535,0.962273517260104,0.886995609078775,0.993400697801603,NA,NA
"Established keratoconus vs normal","S71","Scheimpflug tomography",0.972323617957321,0.955909631073966,0.984187202094052,0.98462157841577,0.97010947088004,0.993361416031857,NA,NA
"Established keratoconus vs normal","S71","Placido topography",0.960226118958835,0.928807503981071,0.980003228589068,0.97731337140467,0.948140032095467,0.9923896612768,NA,NA
"Established keratoconus vs normal","S71","Biomechanics (Corvis ST)",0.924324644907356,0.838271182892194,0.972118577455396,0.960778091853882,0.873340247240546,0.992943318309345,NA,NA
"Established keratoconus vs normal","S71","OCT",0.957814588696183,0.911883655222028,0.983662944801713,0.977473756677862,0.935499711822279,0.995855867281601,NA,NA
"Established keratoconus vs normal","S43","Scheimpflug tomography",0.972792107568683,0.957457579954283,0.984525481163996,0.984345513437038,0.969640594501153,0.993449942090304,NA,NA
"Established keratoconus vs normal","S43","Placido topography",0.95542710346961,0.919009474895975,0.977997020131415,0.977823671184106,0.948299719545199,0.992850450108835,NA,NA
"Established keratoconus vs normal","S43","Biomechanics (Corvis ST)",0.922665863046627,0.838036249681003,0.971960567797277,0.962127061328902,0.883297256294618,0.993349880650931,NA,NA
"Established keratoconus vs normal","S43","OCT",0.958411775771913,0.911203544710562,0.984513847558133,0.977836954829895,0.930933055023289,0.996128220058805,NA,NA
"Established keratoconus vs normal","S44","Scheimpflug tomography",0.974363204024982,0.959035979343761,0.985455888323748,0.986449900460432,0.973300602676138,0.99432604077789,NA,NA
"Established keratoconus vs normal","S44","Placido topography",0.961242914894902,0.932421353556333,0.980191758813194,0.978092880772753,0.952642670674442,0.991645378862575,NA,NA
"Established keratoconus vs normal","S44","Biomechanics (Corvis ST)",0.921655474005635,0.833007461271042,0.97156080431937,0.961559749254775,0.883803263023897,0.992676695572988,NA,NA
"Established keratoconus vs normal","S44","OCT",0.957197514125732,0.908883031867043,0.983618103228937,0.979201925064923,0.939540019053631,0.996091713558088,NA,NA
"Established keratoconus vs normal","S68","Scheimpflug tomography",0.973429358527967,0.957656746031485,0.985054202959458,0.982785588815568,0.966074621115291,0.992525500826698,NA,NA
"Established keratoconus vs normal","S68","Placido topography",0.961338967548386,0.932429960164203,0.980689467856825,0.978255191446014,0.952873795226209,0.992079161693612,NA,NA
"Established keratoconus vs normal","S68","Biomechanics (Corvis ST)",0.924744022749041,0.840744173200505,0.973768678705684,0.962600998217227,0.892216668796103,0.993348957078952,NA,NA
"Established keratoconus vs normal","S68","OCT",0.957347408510485,0.905695429267708,0.984568681368639,0.978831949908464,0.936610989707879,0.996162662353513,NA,NA
"Established keratoconus vs normal","S35","Scheimpflug tomography",0.972366023615435,0.956523129449976,0.984281601574169,0.983084216559911,0.967215871051601,0.992730134492876,NA,NA
"Established keratoconus vs normal","S35","Placido topography",0.961954761369155,0.933545693238354,0.980541724316937,0.97782365962718,0.952319520372391,0.991821517202577,NA,NA
"Established keratoconus vs normal","S35","Biomechanics (Corvis ST)",0.922304543905247,0.840542153207822,0.971118056633679,0.963113849826553,0.885098242175416,0.993087150404087,NA,NA
"Established keratoconus vs normal","S35","OCT",0.957379886055639,0.910850190547762,0.983542082411708,0.976530917372975,0.934092557335449,0.995380135778128,NA,NA
"Established keratoconus vs normal","S36","Scheimpflug tomography",0.971675612029799,0.954339025157538,0.984478916596165,0.980951621564828,0.964468586930645,0.991511173354445,NA,NA
"Established keratoconus vs normal","S36","Placido topography",0.961057717216313,0.931297761943174,0.980871221836564,0.978414810666262,0.953684477434456,0.991815069661675,NA,NA
"Established keratoconus vs normal","S36","Biomechanics (Corvis ST)",0.922607882232642,0.831272016110831,0.97363694598132,0.962756823893301,0.89378562131841,0.991662370587684,NA,NA
"Established keratoconus vs normal","S36","OCT",0.958634212945718,0.911279408892226,0.985020065356918,0.977712122809307,0.934832410469465,0.995578818659997,NA,NA
"Established keratoconus vs normal","S29","Scheimpflug tomography",0.972261870922827,0.956237720106783,0.984324207311278,0.984625155020996,0.969553749426173,0.993754937895426,NA,NA
"Established keratoconus vs normal","S29","Placido topography",0.960596777377157,0.931114449311061,0.97981592312277,0.978954587843958,0.952093085948025,0.992954772151937,NA,NA
"Established keratoconus vs normal","S29","Biomechanics (Corvis ST)",0.921028806573157,0.815685194353553,0.97449578529552,0.963939069482936,0.87198434603731,0.995481214423424,NA,NA
"Established keratoconus vs normal","S29","OCT",0.958915677127894,0.913647496839318,0.985031615447104,0.977565039136751,0.932493790527997,0.995887238345643,NA,NA
"Established keratoconus vs normal","S70","Scheimpflug tomography",0.972539973642463,0.956899373806575,0.984191317120876,0.984992448601759,0.969484724294825,0.993721489476061,NA,NA
"Established keratoconus vs normal","S70","Placido topography",0.963639690455698,0.936489238125353,0.981882384525016,0.978524590890852,0.94992115054151,0.993052393646972,NA,NA
"Established keratoconus vs normal","S70","Biomechanics (Corvis ST)",0.923357955470844,0.834657271555641,0.971390544757851,0.961192344358432,0.878361988200969,0.993191283417307,NA,NA
"Established keratoconus vs normal","S70","OCT",0.957610671023535,0.912164693570977,0.984093243677234,0.97874207872107,0.934204741717871,0.996571654250774,NA,NA
"Established keratoconus vs normal","S31","Scheimpflug tomography",0.973253943222743,0.958171281263553,0.984354524153245,0.98626013998826,0.972862492567122,0.99401277056761,NA,NA
"Established keratoconus vs normal","S31","Placido topography",0.96135130658773,0.9337443489916,0.979388731003965,0.978293741606655,0.953658114435573,0.991223810261479,NA,NA
"Established keratoconus vs normal","S31","Biomechanics (Corvis ST)",0.921631216631752,0.836898763059806,0.969697301811816,0.964652541831401,0.897598481044174,0.992802077402278,NA,NA
"Established keratoconus vs normal","S31","OCT",0.958264791679841,0.916346264457666,0.983293138091729,0.977539604430338,0.937958055384952,0.995121647846565,NA,NA
"Established keratoconus vs normal","S74","Scheimpflug tomography",0.970236459688395,0.952682984681231,0.982703650276136,0.983493188539037,0.967244693271953,0.993249020288914,NA,NA
"Established keratoconus vs normal","S74","Placido topography",0.960916296254189,0.933307996887091,0.979483408454705,0.977954757555854,0.950929379945588,0.992095677481876,NA,NA
"Established keratoconus vs normal","S74","Biomechanics (Corvis ST)",0.9232846778719,0.845152263907494,0.970467814835759,0.961757104832168,0.882638414515369,0.993063521096789,NA,NA
"Established keratoconus vs normal","S74","OCT",0.957649477729791,0.913785684300856,0.982954034429259,0.977144833005679,0.930038890381068,0.995808973252005,NA,NA
"Established keratoconus vs normal","S49","Scheimpflug tomography",0.971880356895912,0.954114505000178,0.983831036792865,0.983130145394165,0.967126635234912,0.992476868264288,NA,NA
"Established keratoconus vs normal","S49","Placido topography",0.961879165103071,0.934207507117567,0.980754156749362,0.978656958046102,0.954810558957615,0.991791939726826,NA,NA
"Established keratoconus vs normal","S49","Biomechanics (Corvis ST)",0.924703791278805,0.837379661710689,0.973247329439233,0.963427401397769,0.888884505089989,0.992654743640218,NA,NA
"Established keratoconus vs normal","S49","OCT",0.957734785327527,0.909519320939286,0.984134313607601,0.978962587515878,0.939767386302125,0.995770422628257,NA,NA
"Established keratoconus vs normal","S53","Scheimpflug tomography",0.972290319468388,0.957019439198112,0.984066316494643,0.984342939443879,0.970039302840028,0.993366479952762,NA,NA
"Established keratoconus vs normal","S53","Placido topography",0.963171914182609,0.933916371489307,0.982094822087242,0.979326253548284,0.952817110958179,0.993465865730227,NA,NA
"Established keratoconus vs normal","S53","Biomechanics (Corvis ST)",0.922846860283852,0.841427816642856,0.971187905669829,0.960330075734688,0.873271067241046,0.993338833604125,NA,NA
"Established keratoconus vs normal","S53","OCT",0.957502767817613,0.909024160946541,0.98389334206145,0.979780414002461,0.936214738458625,0.996902183106723,NA,NA
"Established keratoconus vs normal","S63","Scheimpflug tomography",0.970471260467762,0.953238759542501,0.982515263505984,0.985167087033545,0.971609066307743,0.993759431149106,NA,NA
"Established keratoconus vs normal","S63","Placido topography",0.961613357820529,0.93311412868731,0.980581333450275,0.977974340494956,0.952328385776462,0.992032605080447,NA,NA
"Established keratoconus vs normal","S63","Biomechanics (Corvis ST)",0.920981554132994,0.835265325502039,0.970652533128379,0.962665604868743,0.884373526764729,0.99295148400301,NA,NA
"Established keratoconus vs normal","S63","OCT",0.958481009484025,0.912920421280455,0.983943330015926,0.976308073389059,0.928322150855806,0.99523005704464,NA,NA
"Established keratoconus vs normal","S73","Scheimpflug tomography",0.973984425027399,0.959043095110846,0.985024934533619,0.985597611117594,0.971682963047476,0.994407814164958,NA,NA
"Established keratoconus vs normal","S73","Placido topography",0.961770361669556,0.932749167880128,0.980872736160168,0.978219671156906,0.9515736805521,0.992531100235904,NA,NA
"Established keratoconus vs normal","S73","Biomechanics (Corvis ST)",0.923132488299911,0.841389325833124,0.972175237822645,0.962140051277512,0.879708401159445,0.993417264620107,NA,NA
"Established keratoconus vs normal","S73","OCT",0.95778767298917,0.90854540518679,0.984705646633166,0.976341294772803,0.928758985040198,0.995751832286765,NA,NA
"Established keratoconus vs normal","S47","Scheimpflug tomography",0.970895786369105,0.95505996546048,0.98340437384421,0.983060987961368,0.966557202070225,0.99311361230289,NA,NA
"Established keratoconus vs normal","S47","Placido topography",0.960662263115177,0.930500492129631,0.979968893281327,0.977963936941059,0.952348717422195,0.992232343566386,NA,NA
"Established keratoconus vs normal","S47","Biomechanics (Corvis ST)",0.924296393127388,0.843544552874394,0.972650111393687,0.962587683388903,0.885991304728127,0.992776470296406,NA,NA
"Established keratoconus vs normal","S47","OCT",0.958918506235146,0.910709542688781,0.984614508885976,0.979360097195503,0.937839261105719,0.996273153284462,NA,NA
"Established keratoconus vs normal","S72","Scheimpflug tomography",0.974348774964543,0.95951712064993,0.985169304168009,0.984528648657309,0.9681378992026,0.993787456493116,NA,NA
"Established keratoconus vs normal","S72","Placido topography",0.961074804679786,0.931272504453017,0.980685145275442,0.978607436544839,0.949926537569471,0.993193412699746,NA,NA
"Established keratoconus vs normal","S72","Biomechanics (Corvis ST)",0.92467869890535,0.841626415905585,0.973789158005805,0.960916945892774,0.872263551853132,0.9932033249672,NA,NA
"Established keratoconus vs normal","S72","OCT",0.957911470108395,0.909715837259292,0.984595963804067,0.977876296614802,0.933481500060018,0.995889878885135,NA,NA
"Established keratoconus vs normal","S30","Scheimpflug tomography",0.973311812849939,0.958009256472574,0.984422065900576,0.984458546818002,0.968863979528824,0.993521161913399,NA,NA
"Established keratoconus vs normal","S30","Placido topography",0.961388151098003,0.93385858037267,0.979869341409558,0.97798066449964,0.949757649209955,0.992348973822846,NA,NA
"Established keratoconus vs normal","S30","Biomechanics (Corvis ST)",0.923724156275533,0.83733908582471,0.973167939510472,0.960907008694391,0.870851124707138,0.993724420699193,NA,NA
"Established keratoconus vs normal","S30","OCT",0.957480694017179,0.903128428164294,0.985989729976031,0.981993893891276,0.93525357603907,0.997609600788686,NA,NA
"Established keratoconus vs normal","S33","Scheimpflug tomography",0.970550360582486,0.953149725726198,0.982934806077201,0.983624048628537,0.967584544583063,0.993179986519081,NA,NA
"Established keratoconus vs normal","S33","Placido topography",0.960873359133151,0.931677854004415,0.979886805898662,0.978113329907532,0.95332137672567,0.992504573021831,NA,NA
"Established keratoconus vs normal","S33","Biomechanics (Corvis ST)",0.923307190050692,0.839124399831874,0.970899260058183,0.960731929750771,0.875665895073443,0.993064499822402,NA,NA
"Established keratoconus vs normal","S33","OCT",0.958662262551736,0.912004308295008,0.984715721210827,0.978493239284554,0.933422635373289,0.996126726256799,NA,NA
"Established keratoconus vs normal","S42","Scheimpflug tomography",0.971529608141164,0.954358518197621,0.983752697143779,0.98627573278371,0.972678753042789,0.994333380500072,NA,NA
"Established keratoconus vs normal","S42","Placido topography",0.961704257242241,0.932256449004575,0.981008626149697,0.97804188086536,0.952823661863067,0.992239339625835,NA,NA
"Established keratoconus vs normal","S42","Biomechanics (Corvis ST)",0.924245075207516,0.839989567981782,0.973734148825436,0.962670967896981,0.889062857262825,0.992708658227157,NA,NA
"Established keratoconus vs normal","S42","OCT",0.957203828079454,0.909186502963437,0.984093064817398,0.978208181090933,0.933606082056558,0.995828372983323,NA,NA
"Established keratoconus vs normal","S77","Scheimpflug tomography",0.969535613198476,0.952410660331528,0.982677542332462,0.983583012260743,0.966538054638461,0.993242653773071,NA,NA
"Established keratoconus vs normal","S77","Placido topography",0.962334030461033,0.934732106026019,0.980370930738177,0.978453386067895,0.953039821595639,0.992372530411055,NA,NA
"Established keratoconus vs normal","S77","Biomechanics (Corvis ST)",0.921382206034531,0.84013626892683,0.969229988245503,0.962715971518446,0.886894463780146,0.993116352122338,NA,NA
"Established keratoconus vs normal","S77","OCT",0.957278643352287,0.911649325967858,0.982404346658509,0.978807098801076,0.933039715907838,0.996554185088306,NA,NA
"Established keratoconus vs normal","S48","Scheimpflug tomography",0.972011151297883,0.957409183513018,0.982968423232797,0.984215094799539,0.970175028081407,0.992799249333151,NA,NA
"Established keratoconus vs normal","S48","Placido topography",0.960936986833982,0.934899729938775,0.979192217455336,0.978860619721773,0.955130988525163,0.992110414757446,NA,NA
"Established keratoconus vs normal","S48","Biomechanics (Corvis ST)",0.877515546650138,0.755870748860494,0.953546079689378,0.94379371657537,0.824225735778582,0.990520598958057,NA,NA
"Established keratoconus vs normal","S48","OCT",0.958028859234898,0.916822651250853,0.982523414198001,0.978317911405305,0.936046390570093,0.996232624423755,NA,NA
"Established keratoconus vs normal","S69","Scheimpflug tomography",0.972148708912318,0.955601782463245,0.984273745504503,0.984224121494323,0.969071071196799,0.993540974222055,NA,NA
"Established keratoconus vs normal","S69","Placido topography",0.964330124676664,0.934566129859645,0.982165109308954,0.981080549373113,0.956656837976328,0.993849564510528,NA,NA
"Established keratoconus vs normal","S69","Biomechanics (Corvis ST)",0.923058262034693,0.836099998274813,0.97135229043043,0.963666978038634,0.886530855636047,0.993290441751369,NA,NA
"Established keratoconus vs normal","S69","OCT",0.958894869944492,0.912446791441863,0.985004512367871,0.978580758851166,0.936360675698181,0.996488082182865,NA,NA
"Established keratoconus vs normal","S37","Scheimpflug tomography",0.972730647271181,0.956380546371483,0.984158453802972,0.984879928765228,0.971027608571411,0.993465564759203,NA,NA
"Established keratoconus vs normal","S37","Placido topography",0.961403045637703,0.931106933771505,0.980434175535317,0.977209731719913,0.949148960380037,0.992420898149207,NA,NA
"Established keratoconus vs normal","S37","Biomechanics (Corvis ST)",0.921067249661084,0.811385835623544,0.976582501120871,0.97259635298903,0.896891779103471,0.996726017053182,NA,NA
"Established keratoconus vs normal","S37","OCT",0.958055657220209,0.908380740707947,0.984436515121878,0.976059788543094,0.930165968056046,0.995326620354606,NA,NA
"Early / subclinical keratoconus vs normal","S24","Scheimpflug tomography",0.966177276296937,0.919611429326263,0.989684120656895,0.954951809590903,0.898937013455955,0.985079179964374,NA,NA
"Early / subclinical keratoconus vs normal","S24","Placido topography",0.628038269731644,0.17539376544428,0.942301987188867,0.90610116394439,0.598579604376504,0.99425362128133,NA,NA
"Early / subclinical keratoconus vs normal","S24","Biomechanics (Corvis ST)",0.854484763382933,0.317577545841406,0.997920712384379,0.814571991048758,0.244158660594813,0.993730072641339,NA,NA
"Early / subclinical keratoconus vs normal","S24","OCT",0.947753106232636,0.658673602262062,0.999386649900529,0.95970407997675,0.715911210005509,0.999582206569967,NA,NA
"Early / subclinical keratoconus vs normal","S25","Scheimpflug tomography",0.965157632255701,0.920195330380963,0.989202784598198,0.954720639616241,0.903423601534266,0.983872932460659,NA,NA
"Early / subclinical keratoconus vs normal","S25","Placido topography",0.516683945450612,0.0672137807508174,0.945651234075297,0.956010833493688,0.742890931890698,0.999024350600731,NA,NA
"Early / subclinical keratoconus vs normal","S25","Biomechanics (Corvis ST)",0.96782696619031,0.823612608875397,0.999273383039133,0.931016448139748,0.712394737861548,0.995450513658106,NA,NA
"Early / subclinical keratoconus vs normal","S25","OCT",0.949903526371039,0.677073100447664,0.999540521432076,0.964835186608601,0.775712584894135,0.999563285852991,NA,NA
"Early / subclinical keratoconus vs normal","S21a","Scheimpflug tomography",0.966363127826546,0.920044362223127,0.990649646215208,0.960704500903184,0.908478438415828,0.988191415475915,NA,NA
"Early / subclinical keratoconus vs normal","S21a","Placido topography",0.629539644791059,0.178882858537378,0.943839993858147,0.907769959880668,0.620879972732415,0.994332937480393,NA,NA
"Early / subclinical keratoconus vs normal","S21a","Biomechanics (Corvis ST)",0.966207540357337,0.818103532279338,0.999216758875729,0.928071911107924,0.667449234798173,0.995996848482035,NA,NA
"Early / subclinical keratoconus vs normal","S21a","OCT",0.943776853067343,0.636295337668049,0.999516587340122,0.959676534127526,0.716716132226308,0.999673666049333,NA,NA
"Early / subclinical keratoconus vs normal","S21d","Scheimpflug tomography",0.96643287692252,0.923503398103346,0.98882941383562,0.956379436126755,0.902011345074737,0.98545113605966,NA,NA
"Early / subclinical keratoconus vs normal","S21d","Placido topography",0.683065669713439,0.127338658165744,0.98198723820493,0.705661286055037,0.13919988670474,0.986125935824581,NA,NA
"Early / subclinical keratoconus vs normal","S21d","Biomechanics (Corvis ST)",0.963970306250582,0.813702095866232,0.998917749673553,0.926831309414395,0.685064874575862,0.995536216285321,NA,NA
"Early / subclinical keratoconus vs normal","S21d","OCT",0.946004354646693,0.660691953305317,0.9993035268622,0.961461594394143,0.757911802857621,0.999345800101202,NA,NA
"Early / subclinical keratoconus vs normal","S20a","Scheimpflug tomography",0.948925926116124,0.908951290334164,0.978406614624549,0.937593799133052,0.879177785911978,0.973827889225381,NA,NA
"Early / subclinical keratoconus vs normal","S20a","Placido topography",0.66167294464043,0.32669150589744,0.901953371031434,0.928350463783164,0.743585819969009,0.991101874267633,NA,NA
"Early / subclinical keratoconus vs normal","S20a","Biomechanics (Corvis ST)",0.978158069222583,0.910335298986838,0.999438648621297,0.946576546903331,0.804601775758308,0.993942815630596,NA,NA
"Early / subclinical keratoconus vs normal","S20a","OCT",0.970267240545516,0.821790377340315,0.998853073321387,0.978992480328525,0.876467846553848,0.999487644697381,NA,NA
"Early / subclinical keratoconus vs normal","S57","Scheimpflug tomography",0.971693693868983,0.928684310222142,0.99246221388442,0.958901523728789,0.905125035387934,0.987047091270395,NA,NA
"Early / subclinical keratoconus vs normal","S57","Placido topography",0.630117326347261,0.176644066366733,0.946033086531547,0.911018333900477,0.648607080010773,0.993692696876523,NA,NA
"Early / subclinical keratoconus vs normal","S57","Biomechanics (Corvis ST)",0.963088004693798,0.78809746443294,0.999213513007595,0.932726051326056,0.705102781215842,0.99557254024902,NA,NA
"Early / subclinical keratoconus vs normal","S57","OCT",0.937977679260276,0.591958828118467,0.999289868213223,0.967856926053142,0.785597387748109,0.999604656949065,NA,NA
"Early / subclinical keratoconus vs normal","S61","Scheimpflug tomography",0.963734214938696,0.910478577600199,0.989312695832894,0.953292239759618,0.88725525612412,0.986782567707381,NA,NA
"Early / subclinical keratoconus vs normal","S61","Placido topography",0.629741500945377,0.171360615713163,0.944688773065228,0.904164314050144,0.578557658553674,0.994078861520386,NA,NA
"Early / subclinical keratoconus vs normal","S61","Biomechanics (Corvis ST)",0.967003225701919,0.808839188780215,0.999261938570712,0.919055944827019,0.61200646039998,0.996325195913782,NA,NA
"Early / subclinical keratoconus vs normal","S61","OCT",0.943176040131145,0.636457326876404,0.999363880068339,0.952692732125069,0.658288002049594,0.999566000501124,NA,NA
"Early / subclinical keratoconus vs normal","S45","Scheimpflug tomography",0.965532157756505,0.92275531626855,0.988484781915046,0.954603526794852,0.900570861615248,0.983594359877676,NA,NA
"Early / subclinical keratoconus vs normal","S45","Placido topography",0.63372119032364,0.192199361107059,0.936758865772972,0.908405336556794,0.61551949719418,0.993256703570457,NA,NA
"Early / subclinical keratoconus vs normal","S45","Biomechanics (Corvis ST)",0.983392094639707,0.871599662108957,0.999961919634366,0.934942167189315,0.602036389089032,0.999556336417215,NA,NA
"Early / subclinical keratoconus vs normal","S45","OCT",0.947663350482243,0.684786759362029,0.999110245213534,0.962772974859921,0.725884029915548,0.99956713238954,NA,NA
"Early / subclinical keratoconus vs normal","S55","Scheimpflug tomography",0.967022602642126,0.918293851640424,0.991108314610864,0.958674978648376,0.901518841722037,0.988088483637032,NA,NA
"Early / subclinical keratoconus vs normal","S55","Placido topography",0.630859036297742,0.175692406909099,0.94781461008149,0.903157779879975,0.60722885608788,0.99402574283033,NA,NA
"Early / subclinical keratoconus vs normal","S55","Biomechanics (Corvis ST)",0.963313849561275,0.796286333967356,0.999100763426206,0.92456328192974,0.648021667586461,0.995555521964245,NA,NA
"Early / subclinical keratoconus vs normal","S55","OCT",0.940817177617254,0.603662408728476,0.9994217768265,0.95854602727544,0.718475261506898,0.999599945624731,NA,NA
"Early / subclinical keratoconus vs normal","S54","Scheimpflug tomography",0.967329159290688,0.922484042069885,0.990802988692635,0.953850828054649,0.888538261041458,0.986499900743976,NA,NA
"Early / subclinical keratoconus vs normal","S54","Placido topography",0.616835862181243,0.159372482777056,0.943874067497337,0.901045398696743,0.58038245678297,0.994226888873651,NA,NA
"Early / subclinical keratoconus vs normal","S54","Biomechanics (Corvis ST)",0.964364858015473,0.796455216536092,0.999014103890527,0.920023362861756,0.630096955556128,0.995775385929456,NA,NA
"Early / subclinical keratoconus vs normal","S54","OCT",0.946880759298543,0.651718974494667,0.999459637058452,0.961998596928935,0.741540106689559,0.999641172624768,NA,NA
"Early / subclinical keratoconus vs normal","S67","Scheimpflug tomography",0.965010551445557,0.913042668901666,0.99043216279195,0.955238716457471,0.892079537169672,0.986864322665852,NA,NA
"Early / subclinical keratoconus vs normal","S67","Placido topography",0.628550929775848,0.161377103112587,0.944375517678104,0.904144061874028,0.591146234581846,0.99362205527795,NA,NA
"Early / subclinical keratoconus vs normal","S67","Biomechanics (Corvis ST)",0.967460953395001,0.820504217666842,0.999246762507706,0.9326359254823,0.685191114445793,0.996494535164124,NA,NA
"Early / subclinical keratoconus vs normal","S67","OCT",0.934284445446235,0.57870174717194,0.999486248844043,0.965601793599402,0.755094371809389,0.999700007130221,NA,NA
"Early / subclinical keratoconus vs normal","S39","Scheimpflug tomography",0.964687937822932,0.912691919612212,0.990235562655396,0.950589840597711,0.885453611498323,0.985000032097996,NA,NA
"Early / subclinical keratoconus vs normal","S39","Placido topography",0.625918009792315,0.167197031335286,0.947311749813149,0.907982328561557,0.590968619118544,0.994162441921296,NA,NA
"Early / subclinical keratoconus vs normal","S39","Biomechanics (Corvis ST)",0.96765656694611,0.823527303383954,0.999414371525395,0.929992635426083,0.693713894245621,0.995750643692482,NA,NA
"Early / subclinical keratoconus vs normal","S39","OCT",0.948028455667491,0.65910244864303,0.999492037583261,0.961283446842774,0.731152209732668,0.999565950606089,NA,NA
"Early / subclinical keratoconus vs normal","S50","Scheimpflug tomography",0.974906189878249,0.937601759831008,0.993518228467493,0.957548102743303,0.899893933840464,0.986629953025194,NA,NA
"Early / subclinical keratoconus vs normal","S50","Placido topography",0.628273839398495,0.160216306290671,0.947765187493822,0.906195819912172,0.601360534591162,0.9937833796559,NA,NA
"Early / subclinical keratoconus vs normal","S50","Biomechanics (Corvis ST)",0.967701076870996,0.818646968582958,0.999327112181689,0.929859911251118,0.690622135325445,0.996341939274909,NA,NA
"Early / subclinical keratoconus vs normal","S50","OCT",0.940373637086285,0.549370447114358,0.999422800684079,0.961939329068893,0.749798403996503,0.999528327149481,NA,NA
"Early / subclinical keratoconus vs normal","S40","Scheimpflug tomography",0.966124354669466,0.920996967686912,0.988952953457543,0.956604873180605,0.898229138958205,0.985906467699272,NA,NA
"Early / subclinical keratoconus vs normal","S40","Placido topography",0.631017047142334,0.19309558668271,0.940990923532634,0.909812061279951,0.61748082926399,0.994514110759494,NA,NA
"Early / subclinical keratoconus vs normal","S40","Biomechanics (Corvis ST)",0.968679821535931,0.831289758877187,0.999472478991378,0.927428767420177,0.663982201001868,0.996125031552423,NA,NA
"Early / subclinical keratoconus vs normal","S40","OCT",0.501005641112605,0.000152814056982774,0.999853535823089,0.507736331627977,0.000127416297294299,0.999877470946967,NA,NA
"Early / subclinical keratoconus vs normal","S65","Scheimpflug tomography",0.964848481950345,0.917331597743131,0.989496387691487,0.954761445165233,0.893014432902763,0.986602772309364,NA,NA
"Early / subclinical keratoconus vs normal","S65","Placido topography",0.626298823169361,0.178307542916229,0.94595727620962,0.90177151004767,0.585584725513189,0.994139746454594,NA,NA
"Early / subclinical keratoconus vs normal","S65","Biomechanics (Corvis ST)",0.967475118775929,0.821858670848017,0.999348769959358,0.924332965135673,0.646993890334315,0.995806551591094,NA,NA
"Early / subclinical keratoconus vs normal","S65","OCT",0.945847122450771,0.640908246166497,0.999514147842706,0.953859360489744,0.670744071735303,0.9994297572285,NA,NA
"Early / subclinical keratoconus vs normal","S52","Scheimpflug tomography",0.964691928183819,0.911040121895636,0.990611555664083,0.955806459024647,0.891209774930075,0.987466367994501,NA,NA
"Early / subclinical keratoconus vs normal","S52","Placido topography",0.63116561535396,0.168012566299111,0.949479096639441,0.902052583483583,0.576977486910683,0.994120020388143,NA,NA
"Early / subclinical keratoconus vs normal","S52","Biomechanics (Corvis ST)",0.970804791784349,0.828011155058533,0.99979345373538,0.921233397154099,0.639606254422415,0.996076721423783,NA,NA
"Early / subclinical keratoconus vs normal","S52","OCT",0.93988366310187,0.591400874063092,0.999457783594109,0.959105251543917,0.733580426238483,0.999586550814578,NA,NA
