"study_label","cohort_id","two_node","tp","fp","tn","fn","n_total","prevalence","sensitivity","specificity","youden","modality_std","validation_std"
"Ahn (2018)","BLK0002","AI only",4731,1562,7628,901,14822,0.379975711779787,0.840021306818182,0.830032644178455,0.670053950996637,"Fundus","Internal"
"Ahn (2022)","BLK0003","AI only",33,7,89,1,130,0.261538461538462,0.970588235294118,0.927083333333333,0.897671568627451,"Fundus","Internal"
"An (2021)","BLK0006","AI only",87,3,60,6,156,0.596153846153846,0.935483870967742,0.952380952380952,0.887864823348694,"OCT","Internal"
"Bhadoria (2021)","BLK0009","AI only",67,1,69,3,140,0.5,0.957142857142857,0.985714285714286,0.942857142857143,"Fundus","Internal"
"Bhatia (2025)","BLK0010","AI only",242,4,246,8,500,0.5,0.968,0.984,0.952,"Fundus","Internal"
"Bhuiyan (2021)","BLK0011","AI only",149,68,384,37,638,0.29153605015674,0.801075268817204,0.849557522123894,0.650632790941098,"Fundus","External"
"Cao (2023)","BLK0012","AI only",36,38,544,19,637,0.086342229199372,0.654545454545455,0.934707903780069,0.589253358325523,"Fundus","External"
"Chai (2018)","BLK0013","AI only",945,139,1392,78,2554,0.400548159749413,0.92375366568915,0.909209666884389,0.832963332573539,"Fundus","Internal"
"Chakrabarty (2016)","BLK0014","AI only",121,41,104,48,314,0.538216560509554,0.715976331360947,0.717241379310345,0.433217710671292,"Fundus","External"
"Chakrabarty (2016)","BLK0015","Reader only",130,26,119,39,314,0.538216560509554,0.769230769230769,0.820689655172414,0.589920424403183,"Fundus","External"
"Chen (2025)","BLK0016","AI only",92,17,214,16,339,0.31858407079646,0.851851851851852,0.926406926406926,0.778258778258778,"Fundus","External"
"Cho (2024)","BLK0017","AI only",70,10,62,2,144,0.5,0.972222222222222,0.861111111111111,0.833333333333333,"Fundus","Internal"
"Christopher (2022)","BLK0018","AI only",429,61,150,32,672,0.686011904761905,0.93058568329718,0.710900473933649,0.641486157230829,"OCT","External"
"Christopher (2026)","BLK0019","AI only",8170,376,7149,3501,19196,0.607991248176703,0.70002570473824,0.950033222591362,0.650058927329602,"Mixed/Other","Internal"
"Diaz-Pinto (2019)","BLK0020","AI only",108,50,405,16,579,0.214162348877375,0.870967741935484,0.89010989010989,0.761077632045374,"Fundus","Internal"
"Diaz-Pinto (2019)","BLK0021","Reader only",123,188,1547,37,1895,0.0844327176781003,0.76875,0.89164265129683,0.66039265129683,"Fundus","Internal"
"Dong (2023)","BLK0022","AI only",329,6,124,134,593,0.780775716694772,0.710583153347732,0.953846153846154,0.664429307193886,"OCT","Internal"
"Elangovan (2022)","BLK0023","AI only",1022,3,940,5,1970,0.521319796954315,0.995131450827653,0.996818663838812,0.991950114666466,"Fundus","Internal"
"Elangovan (2025)","BLK0024","AI only",1111,8,1746,9,2874,0.389700765483646,0.991964285714286,0.995438996579247,0.987403282293533,"Fundus","Internal"
"Eswari (2024)","BLK0025","AI only",399,55,985,26,1465,0.290102389078498,0.938823529411765,0.947115384615385,0.885938914027149,"Fundus","Internal"
"Fan (2022)","BLK0026","AI only",373,532,5757,105,6767,0.0706369144377124,0.780334728033473,0.915407854984894,0.695742583018367,"Fundus","Internal"
"Flores (2025)","BLK0027","AI only",29,11,188,17,245,0.187755102040816,0.630434782608696,0.944723618090452,0.575158400699148,"Fundus","External"
"Flores (2025)","BLK0028","Reader only",37,27,172,9,245,0.187755102040816,0.804347826086957,0.864321608040201,0.668669434127158,"Fundus","External"
"Gaddipati (2022)","BLK0029","AI only",154,49,349,16,568,0.299295774647887,0.905882352941176,0.876884422110553,0.782766775051729,"Fundus","Internal"
"Govindharaj (2025)","BLK0030","AI only",32,6,90,2,130,0.261538461538462,0.941176470588235,0.9375,0.878676470588235,"Fundus","Internal"
"Hemelings (2019)","BLK0032","AI only",120,72,410,48,650,0.258461538461538,0.714285714285714,0.850622406639004,0.564908120924718,"Fundus","Internal"
"Hemelings (2020)","BLK0033","AI only",252,7,93,2,354,0.717514124293785,0.992125984251969,0.93,0.922125984251969,"Fundus","Internal"
"Hung (2022)","BLK0034","AI only",19,3,45,3,70,0.314285714285714,0.863636363636364,0.9375,0.801136363636364,"Fundus","Internal"
"Islam (2022)","BLK0035","AI only",179,4,176,1,360,0.5,0.994444444444444,0.977777777777778,0.972222222222222,"OCT","Internal"
"Jammal (2019)","BLK0036","AI only",42,6,44,8,100,0.5,0.84,0.88,0.72,"Fundus","External"
"Jammal (2019)","BLK0037","Reader only",45,12,38,5,100,0.5,0.9,0.76,0.66,"Fundus","External"
"Jan (2024)","BLK0038","AI only",2104,966,5700,1130,9900,0.326666666666667,0.650587507730365,0.855085508550855,0.50567301628122,"Fundus","External"
"Jan (2025)","BLK0039","AI only",10,10,243,5,268,0.0559701492537313,0.666666666666667,0.960474308300395,0.627140974967062,"Fundus","External"
"Kang (2026)","BLK0040","AI only",65,5,70,8,148,0.493243243243243,0.89041095890411,0.933333333333333,0.823744292237443,"Fundus","Internal"
"Kim (2019)","BLK0041","AI only",49,5,47,1,102,0.490196078431373,0.98,0.903846153846154,0.883846153846154,"OCT","Internal"
"Kim (2020)","BLK0042","AI only",314,10,94,7,425,0.755294117647059,0.978193146417445,0.903846153846154,0.882039300263599,"OCT","External"
"Kim (2020)","BLK0043","Reader only",313,7,97,8,425,0.755294117647059,0.975077881619938,0.932692307692308,0.907770189312245,"OCT","External"
"Ko (2022)","BLK0044","AI only",75,2,78,5,160,0.5,0.9375,0.975,0.9125,"Fundus","External"
"Kumar (2025)","BLK0045","AI only",1316,47,1983,65,3411,0.404866608032835,0.952932657494569,0.976847290640394,0.929779948134963,"Fundus","External"
"Lau (2025)","BLK0046","AI only",224,2,394,9,629,0.370429252782194,0.96137339055794,0.994949494949495,0.956322885507435,"OCT","External"
"Lee (2023)","BLK0047","AI only",354,14,80,28,476,0.802521008403361,0.926701570680628,0.851063829787234,0.777765400467862,"OCT","Internal"
"Lee (2025)","BLK0048","AI only",471,60,485,38,1054,0.48292220113852,0.925343811394892,0.889908256880734,0.815252068275626,"Mixed/Other","Internal"
"Li (2019)","BLK0049","AI only",39,6,40,9,94,0.51063829787234,0.8125,0.869565217391304,0.682065217391304,"Fundus","External"
"Li (2021)","BLK0050","AI only",115,11,654,3,783,0.150702426564496,0.974576271186441,0.983458646616541,0.958034917802982,"Fundus","External"
"Li (2021)","BLK0051","Reader only",227,72,981,8,1288,0.182453416149068,0.965957446808511,0.931623931623932,0.897581378432442,"Fundus","External"
"Li (2022b)","BLK0052","AI only",328,9,1208,40,1585,0.23217665615142,0.891304347826087,0.992604765817584,0.883909113643671,"Fundus","External"
"Li (2022b)","BLK0053","Reader only",364,10,1207,4,1585,0.23217665615142,0.989130434782609,0.991783073130649,0.980913507913258,"Fundus","External"
"Li (2023)","BLK0054","AI only",117,707,10696,8,11528,0.0108431644691187,0.936,0.937998772252916,0.873998772252916,"Fundus","External"
"Li (2025b)","BLK0055","Reader only",271,152,5704,25,6152,0.0481144343302991,0.915540540540541,0.974043715846995,0.889584256387535,"Fundus","External"
"Liao (2021)","BLK0056","AI only",2770,207,3210,114,6301,0.457705126170449,0.960471567267684,0.939420544337138,0.899892111604822,"Fundus","External"
"Liu (2018)","BLK0057","AI only",1880,480,5553,87,8000,0.245875,0.955770208439248,0.920437593237195,0.876207801676443,"Fundus","Internal"
"MacCormick (2019)","BLK0058","AI only",35,22,63,4,124,0.314516129032258,0.897435897435897,0.741176470588235,0.638612368024133,"Fundus","External"
"Martins (2020b)","BLK0060","AI only",564,107,1670,141,2482,0.284045124899275,0.8,0.939786156443444,0.739786156443444,"Fundus","Internal"
"Masood (2023)","BLK0061","AI only",731,25,1030,36,1822,0.420965971459934,0.953063885267275,0.976303317535545,0.92936720280282,"Fundus","External"
"Masood (2023)","BLK0062","Reader only",108,29,134,44,315,0.482539682539683,0.710526315789474,0.822085889570552,0.532612205360026,"Fundus","External"
"Medeiros (2021)","BLK0063","AI only",820,53,1004,241,2118,0.500944287063267,0.772855796418473,0.949858088930937,0.72271388534941,"Fundus","Internal"
"Muhammad (2017)","BLK0064","AI only",54,4,41,3,102,0.558823529411765,0.947368421052632,0.911111111111111,0.858479532163743,"OCT","Internal"
"Nakahara (2022)","BLK0065","AI only",75,5,88,4,172,0.459302325581395,0.949367088607595,0.946236559139785,0.89560364774738,"Fundus","External"
"Noury (2024)","BLK0067","AI only",472,35,410,38,955,0.534031413612565,0.925490196078431,0.921348314606742,0.846838510685173,"Fundus","Internal"
"Oh (2021)","BLK0068","AI only",916,28,621,59,1624,0.600369458128079,0.93948717948718,0.956856702619414,0.896343882106594,"Mixed/Other","Internal"
"Ong (2023)","BLK0069","AI only",45,2,252,1,300,0.153333333333333,0.978260869565217,0.992125984251969,0.970386853817186,"Fundus","External"
"Orlando (2020)","BLK0070","AI only",39,54,306,1,400,0.1,0.975,0.85,0.825,"Fundus","External"
"Orlando (2020)","BLK0071","Reader only",34,31,329,6,400,0.1,0.85,0.913888888888889,0.763888888888889,"Fundus","External"
"Panda (2020)","BLK0072","AI only",143,5,117,2,267,0.543071161048689,0.986206896551724,0.959016393442623,0.945223289994347,"Fundus","Internal"
"Park (2025)","BLK0074","AI only",42,6,44,8,100,0.5,0.84,0.88,0.72,"Mixed/Other","Internal"
"Pham (2020)","BLK0075","AI only",99,12,54,7,172,0.616279069767442,0.933962264150943,0.818181818181818,0.752144082332762,"Fundus","Internal"
"Phene (2019)","BLK0076","AI only",174,97,890,44,1205,0.180912863070539,0.798165137614679,0.901722391084093,0.699887528698772,"Fundus","External"
"Ramzan (2019)","BLK0077","AI only",22,7,15,6,50,0.56,0.785714285714286,0.681818181818182,0.467532467532467,"OCT","Internal"
"Ramzan (2019)","BLK0078","Reader only",25,4,19,2,50,0.54,0.925925925925926,0.826086956521739,0.752012882447665,"OCT","Internal"
"Ran (2019)","BLK0079","AI only",94,5,77,20,196,0.581632653061224,0.824561403508772,0.939024390243902,0.763585793752674,"OCT","Internal"
"Ran (2020)","BLK0080","Reader only",62,1,35,2,100,0.64,0.96875,0.972222222222222,0.940972222222222,"OCT","Internal"
"Rodriguez-Robles (2023)","BLK0081","AI only",38,19,142,9,208,0.225961538461538,0.808510638297872,0.881987577639752,0.690498215937624,"Mixed/Other","Internal"
"Saeed (2024)","BLK0082","AI only",20,20,340,20,400,0.1,0.5,0.944444444444444,0.444444444444444,"Fundus","External"
"Sanchez (2022)","BLK0083","AI only",742,28,890,47,1707,0.462214411247803,0.9404309252218,0.969498910675381,0.909929835897181,"Fundus","Internal"
"Senthil (2025)","BLK0084","AI only",148,3,48,14,213,0.76056338028169,0.91358024691358,0.941176470588235,0.854756717501815,"Fundus","External"
"Serte (2020)","BLK0085","AI only",212,28,208,16,464,0.491379310344828,0.929824561403509,0.88135593220339,0.811180493606899,"Fundus","Internal"
"Serte (2021)","BLK0086","AI only",83,6,235,1,325,0.258461538461538,0.988095238095238,0.975103734439834,0.963198972535072,"Fundus","Internal"
"Shehryar (2020)","BLK0087","AI only",26,1,21,2,50,0.56,0.928571428571429,0.954545454545455,0.883116883116883,"Mixed/Other","Internal"
"Shin (2021)","BLK0088","AI only",46,55,492,12,605,0.0958677685950413,0.793103448275862,0.89945155393053,0.692555002206392,"Fundus","Internal"
"Shoukat (2023)","BLK0089","AI only",294,25,699,2,1020,0.290196078431373,0.993243243243243,0.965469613259669,0.958712856502912,"Fundus","Internal"
"Shyamalee (2024)","BLK0090","AI only",394,24,522,2,942,0.420382165605096,0.994949494949495,0.956043956043956,0.950993450993451,"Fundus","Internal"
"Sidhu (2024)","BLK0091","AI only",365,107,428,75,975,0.451282051282051,0.829545454545455,0.8,0.629545454545455,"Fundus","Internal"
"Singh (2022)","BLK0092","AI only",24,3,82,1,110,0.227272727272727,0.96,0.964705882352941,0.924705882352941,"Fundus","Internal"
"Song (2025)","BLK0093","AI only",515,51,799,51,1416,0.399717514124294,0.909893992932862,0.94,0.849893992932862,"Mixed/Other","Internal"
"Sreng (2021)","BLK0094","AI only",360,13,303,19,695,0.545323741007194,0.949868073878628,0.958860759493671,0.908728833372299,"Fundus","Internal"
"Szanto (2025)","BLK0095","AI only",1675,56,5119,164,7014,0.262189905902481,0.910821098423056,0.989178743961353,0.899999842384409,"OCT","Internal"
"Tantisevi (2025)","BLK0096","AI only",81,4,116,5,206,0.41747572815534,0.941860465116279,0.966666666666667,0.908527131782946,"Fundus","Internal"
"Thompson (2019)","BLK0097","AI only",1765,198,3772,557,6292,0.369040050858233,0.760120585701981,0.950125944584383,0.710246530286364,"Fundus","Internal"
"Upadhyaya (2025)","BLK0098","AI only",20,19,258,2,299,0.0735785953177258,0.909090909090909,0.931407942238267,0.840498851329176,"Fundus","External"
"Upadhyaya (2025b)","BLK0099","AI only",20,19,258,2,299,0.0735785953177258,0.909090909090909,0.931407942238267,0.840498851329176,"Fundus","External"
"Wang (2021)","BLK0100","AI only",307,7,340,32,686,0.494169096209913,0.905604719764012,0.979827089337176,0.885431809101187,"Fundus","Internal"
"Wei (2024)","BLK0101","AI only",176,29,1371,24,1600,0.125,0.88,0.979285714285714,0.859285714285714,"Fundus","Internal"
"Wu (2024)","BLK0102","AI only",19,1,81,6,107,0.233644859813084,0.76,0.98780487804878,0.74780487804878,"Mixed/Other","Internal"
"Xu (2021)","BLK0104","AI only",745,132,873,132,1882,0.465993623804463,0.849486887115165,0.86865671641791,0.718143603533076,"Fundus","External"
"Xu (2025)","BLK0105","AI only",77,21,312,10,420,0.207142857142857,0.885057471264368,0.936936936936937,0.821994408201305,"Fundus","Other/unclear"
"Yeung (2023)","BLK0106","Reader only",18,4,315,4,341,0.0645161290322581,0.818181818181818,0.987460815047022,0.80564263322884,"Fundus","External"
"Yip (2024)","BLK0107","AI only",104,19,113,7,243,0.45679012345679,0.936936936936937,0.856060606060606,0.792997542997543,"Fundus","External"
"Zhang (2022)","BLK0110","AI only",1646,94,3047,67,4854,0.352904820766378,0.960887332165791,0.970073225087552,0.930960557253343,"Fundus","Internal"
