Study,Codex_Study_Label,Year,Country,Continent,Setting,Design,N_total,N_glaucoma,N_nonglaucoma,Age_mean,Sex_female_pct,Imaging_modality,AI_system,Reference_standard,Validation_type,Vendor_involvement,Glaucoma_target,Prevalence_pct,Scan_target,Glaucoma_definition
David (2023),David (2021),2021,"China, India",Asia,mixed,retrospective,13258,5048,8210,53.6,53.6,fundus,Ensemble CNN with spatially based ellipse fitting curve model (SBEFCM),n/r,both,no,any,38.1,,
Balasubramanian (2018),Balasubramanian (2018),2018,mixed,mixed,research,retrospective,120,60,60,n/r,n/r,fundus,"Hybrid features using Haar Discrete Wavelet Transform, GLCM homogeneity and correlation, PCA, and k-nearest neighbor classifier",HRF and RIMONE benchmark database labels/manual reference segmentations by clinicians/experts,internal,unclear,any,50,,
Ajesh (2020),Ajesh (2020),2020,n/r,n/r,research,retrospective,45,15,30,n/r,n/r,fundus,"Jaya-CSO optimized recurrent neural network using optic disc, blood vessel, and image-level features; comparators included DCNN, DeepRNN, holoentropy-based decision tree, and DeepRNN+Jaya",HRF Image Database diagnostic category labels; exact clinical reference standard not reported,internal,no,any,33.3,,
Christopher (2018),Christopher (2018),2018,United States,North America,research,cross-sectional,14822 images,5633 images,9189 images,Healthy 53.3 ± 14.4; GON 64.0 ± 12.9,Healthy 63.0; GON 57.0,fundus,"CNN architectures: VGG16, Inception v3, ResNet50; native and ImageNet transfer learning","Expert-adjudicated review of stereoscopic optic nerve head fundus photographs by masked graders, with third experienced grader adjudication for disagreements",internal,no,glaucomatous optic neuropathy,38.0 images,,
Deperlioglu (2022),Deperlioglu (2022),2022,"mixed (India, Singapore, HRF public dataset not specified)",mixed,research,retrospective,796,253,543,n/r,n/r,fundus,"XAI-supported 8-layer CNN with HE/CLAHE preprocessing and CAM; A-G-CAM, G-CAM, and ABN variants evaluated by accuracy only",expert/doctor-labelled public retinal image datasets; Drishti-GS marked by 4 glaucoma experts; ORIGA-Light from SIMES clinical eye examinations; HRF labels/segmentations by experts/doctors,internal,no,any,31.8,,
Aljohani (2024),Aljohani (2024),2024,mixed public datasets; source countries n/r,mixed,research,retrospective,480,180,300,n/r,n/r,fundus,"Hybrid ensemble glaucoma detection framework using Random Forest with GLCM texture features, ResNet50, VGG-16, and post-processing rule; individual Random Forest, ResNet50, and VGG-16 models also reported","Original glaucoma/normal labels from public fundus datasets ACRIMA, G1020, ORIGA, and REFUGE; underlying clinical reference standard n/r",internal,no,any,37.5,,
An (2019),An (2019),2019,Japan,Asia,hospital,cross-sectional,357,208,149,50.85 years,n/r,multimodal,Transfer-learned VGG19 CNN feature extractors combined with random forest; random forest using OCT quantified parameters comparator,"Unanimous diagnosis by three ophthalmologists; OAG diagnosed from glaucomatous optic neuropathy with corresponding visual field defects, abnormally reduced circumpapillary RNFL thickness, and open angle on gonioscopy; controls had normal OCT measurements and no ocular/systemic disease affecting visual field, elevated IOP, or glaucomatous optic disc",internal,yes,POAG,58.3,,
Hussein (2026),Hussein (2026),2026,n/r,mixed,research,retrospective,3000,1560,1440,n/r,n/r,fundus,"Hybrid CNN/ResNet50 deep features plus handcrafted LBP, HOG, SURF and CDR features with mRMR feature selection; classifiers include MLP, GRU, SVM, RF, KNN, DT; U-Net segmentation",Public dataset glaucoma/healthy labels and OD/OC segmentation masks; clinical reference standard otherwise not reported,internal,unclear,any,52.0,,
Sun (2021),Sun (2021),2021,South Korea,Asia,hospital,retrospective,777,462,315,n/r,n/r,OCT,Dual-input convolutional neural network (DICNN); VGG16 RNFL-only; VGG16 GCIPL-only; VGG16 RNFL/GCIPL ensemble,"Experienced ophthalmologist diagnosis of POAG based on characteristic optic disc changes on stereoscopic disc photography and RNFL defects on red-free RNFL photographs, with open angles by gonioscopy and Humphrey visual field used for staging/normal control definition",internal,yes,POAG,59.5,,
Mrad (2022),Mrad (2022),2022,Tunisia,Africa,research,cross-sectional,161,90,71,n/r,n/r,fundus,handcrafted vessel-displacement features with SVM classifier,public dataset labels for DRISHTI-DB and DRIONS-DB; ophthalmologist ground truth for RIAMP smartphone/standard images,internal,no,any,55.9,,
Singh (2021),Singh (2021),2021,n/r,n/r,research,cross-sectional,140,70,70,n/r,n/r,fundus,"Feature-based retinal fundus image analysis with SVM, KNN, Naive Bayes, and ANN classifiers",DRIONS-DB ground truth / labeled glaucoma and normal retinal fundus images,internal,no,any,50,,
Singh (2024),Singh (2024),2023,Singapore,Asia,research,retrospective,646,166,480,n/r,n/r,fundus,"GWO, WOA, and hGWWOA feature selection with Logistic Regression, XGBoost, Random Forest, CatBoost, SVM, and ensemble classifiers",ORIGA dataset glaucoma labels; underlying clinical adjudication not reported in this paper,internal,no,any,25.7,,
Tabei (2025),Tabei (2025),2025,n/r,n/r,research,retrospective,1020,296,724,n/r,n/r,fundus,Proposed smartphone-based CIE LAB color enhancement/segmentation with stereo disparity depth mapping and RBF/Gaussian-kernel SVM classifier,"G1020 dataset labels; glaucoma clinically verified using optic nerve head appearance, RNFL defects, intraocular pressure measurements, and ISNT rule compliance",internal,unclear,any,29.0,,
Thiry (2023),Thiry (2023),2023,Singapore,Asia,hospital,cross-sectional,2773 participants; 4770 scans,477 participants; 873 scans,2296 participants; 3897 scans,nonglaucoma 58.7 ± 10.3; glaucoma 65.9 ± 10.6,nonglaucoma 39; glaucoma 51,OCT,PointNet geometric deep learning; comparator 3D CNN,"clinical diagnosis based on glaucomatous optic neuropathy and/or neuroretinal rim narrowing with repeatable glaucomatous visual field defects; controls had IOP <21 mmHg, healthy optic discs, and normal visual fields",internal,yes,glaucomatous optic neuropathy,17.2% participants; 18.3% scans,,
Buisson (2021) SR,Buisson (2021) SR,2021,"mixed: USA, Australia, Japan, China, United Kingdom",mixed,mixed,mixed,1392 eyes,684 eyes,708 eyes,65.6 glaucoma; 60.5 control,48 glaucoma; 55 control,fundus,"Deep learning systems across included studies: Pegasus, ResNet, VGG-16, Inception-V3",glaucomatous optic neuropathy diagnosis from online datasets or clinician diagnosis with complete medical record; one study used OCT plus repeatable abnormal visual field,mixed,unclear,glaucomatous optic neuropathy,48,,
Gonzalez-Hernandez (2021),Gonzalez-Hernandez (2021),2021,Spain,Europe,hospital,retrospective,810,333,477,controls 44.56 +/- 13.23; glaucoma 63.63 +/- 11.74,57.7,multimodal,Laguna ONhE fully automated colorimetric optic nerve analysis with five deep learning models including U-Net and ResNet50; GDF index,"Clinical classification: confirmed glaucoma based on glaucomatous visual field loss in standard automated perimetry plus glaucomatous neuropathy signs by Laguna ONhE GDF or OCT rim area <5%; suspects based on ocular hypertension, borderline visual fields, or dubious optic disc; healthy controls had IOP <21 mmHg and no abnormal visual field or optic disc findings.",internal,yes,POAG,41.1,,
Cao (2023),Cao (2023),2023,China,Asia,mixed,cross-sectional,637,55,582,48.18,51.68,fundus,Kangrui Intelligent Technology AI-based fundus screening software,Gold standard referral diagnosis by two experienced ophthalmic chief clinicians; disagreements adjudicated by a third chief clinician using international diagnostic criteria,external,yes,other,8.63,,
Bhuiyan (2021),Bhuiyan (2021),2021,United States; Singapore; Spain,mixed,research,retrospective,938,306,632,n/r,n/r,fundus,"iPredict glaucoma CDR model: ensemble of Xception, Inception-ResNet-V2, NasNet, and Inception-V3 CNNs with logistic model tree",Semi-automated/manual vertical cup-to-disc ratio grading using CDR annotator; glaucoma suspect defined as vertical CDR > 0.5 and nonsuspect as CDR <= 0.5,both,yes,other,32.62,,
Chai (2018),Chai (2018),2018,China,Asia,hospital,retrospective,2554,1023,1531,n/r,n/r,fundus,"Multi-branch neural network (MB-NN); benchmark models LR-LBP, LR-HOS, LR-DWT, LR-SIFT, AlexNet, VGG16, Inception-v3, CNN, and MB-NN ablations",Hospital diagnosis result from case reports/clinical records,internal,no,any,40.1,,
Lee (2020),Lee (2020),2020,South Korea,Asia,hospital,retrospective,282 eyes/participants; 657 OCT image sets,86 eyes; 350 image sets,196 controls; 307 image sets,62.5,62.4,OCT,NASNet-A transfer-learning deep learning classifier; ensemble model using GCIPL and RNFL SD-OCT thickness and deviation maps,"Glaucoma diagnosis by characteristic optic disc change on stereo disc photographs and/or RNFL defect on red-free fundus photographs, assessed by masked glaucoma specialists; controls had no IOP elevation, no glaucomatous optic disc/RNFL defects, and normal visual fields",internal,no,glaucomatous optic neuropathy,30.5 by participants; 53.3 by image sets,,
Chakrabarty (2016),Chakrabarty (2016),2016,India,Asia,hospital,cross-sectional,314,169,145,n/r,n/r,fundus,Automated CAD system using optic nerve head topographic features with a cascade-forward neural network classifier,"Consensus masked clinical examination by 2 independent glaucoma specialists, including history, slit-lamp examination, Goldmann applanation IOP, gonioscopy, visual field testing, and OCT/HRT when needed",external,no,any,53.8,,
Chang (2023),Chang (2023),2023,Taiwan,Asia,hospital,retrospective,430,283,147,n/r,n/r,multimodal,GAN fundus-to-OCT generator with VGG19 glaucoma classifier; transfer learning and incremental learning; ResNet-18 and DenseNet-20 comparators,Two glaucoma physicians judged and labeled images as glaucoma or non-glaucoma,internal,no,any,65.8,,
Cho (2024),Cho (2024),2024,China,Asia,hospital,retrospective,144,72,72,n/r,n/r,fundus,"Attention mechanism-based multi-input CNN using preprocessed fundus images, ResU-Net retinal vessel extraction, and Hough Circle Transform optic disc extraction",ODIR dataset labels diagnosed by ophthalmologists with trained reader annotations and quality control,internal,no,any,50,,
Chen (2025),Chen (2025),2025,Taiwan; India; China; Austria,mixed,mixed,retrospective,2634,852,1782,n/r,n/r,fundus,"Stepwise AI pipeline using green-channel preprocessing, CLAHE and unsharp masking, DeepLabV3+ with MobileNet-V2 ROI segmentation, and EfficientNetV2-M glaucoma classifier; reported variants: TVGH-Original, TVGH-Green Channel, TVGH-Preprocessing, TVGH-Segmentation, TVGH-Weighted","Expert consensus/majority grading; TVGH glaucoma defined by characteristic optic nerve head changes with reproducible visual field defects, and controls by IOP <21 mmHg with normal optic nerve head and no RNFL defects",both,no,glaucomatous optic neuropathy,32.35,,
Noury (2022),Noury (2022),2022,USA; Hong Kong; India; Nepal,mixed,hospital,retrospective,3371,2095,1276,"n/r overall; glaucoma cases reported by dataset: training 69.41±14.70, validation 70.09±10.37, Stanford test 69.82±16.15, Hong Kong 65.90±9.30, India 63.84±11.72, Nepal 45.34±17.08","n/r overall; female:male reported as training 55:45, Hong Kong 67:33, India 40:60, Nepal 40:60",OCT,3D convolutional neural network for SD-OCT optic nerve head cube scans; Grad-CAM/DiagFind saliency and cropping augmentation,"Glaucoma specialist/chart-review diagnosis using multimodal clinical data including fundus examination/images, visual fields, OCT RNFL/GCIPL maps, IOP, treatment, and clinical history; external datasets labeled by glaucoma specialists",both,yes,any,62.15,,
Thakoor (2021),Thakoor (2021),2021,USA,North America,research,cross-sectional,1770,602,1168,GS median 53 +/- 16; DS median 57 +/- 13,n/r,OCT,CNN A: ResNet18 + random forest; CNN B: convolutional layers + dense layers; CNN C: ResNet50 + random forest,Expert ratings of OCT reports/images and/or visual field information on a 0%-100% glaucoma probability scale; glaucomatous >50%. Main RS included RS1 report-based single expert ratings and RS4 consensus of multiple experts using OCT plus visual field.,both,yes,glaucomatous optic neuropathy,34.0,,
Gomez-Valverde (2019),Gomez-Valverde (2019),2019,Spain; India,mixed,mixed,cross-sectional,2313,494,1819,n/r,n/r,fundus,"CNNs: Standard CNN, VGG19, ResNet50, GoogLeNet, DENet Disc, transfer learning/fine-tuning variants, image-clinical data fusion",Specialist ophthalmologist classification; ESPERANZA gold standard by consensus of at least two ophthalmologists,internal,no,any,21.36,,
Elangovan (2022),Elangovan (2022),2022,mixed,mixed,research,retrospective,15555,9853,5702,n/r,n/r,fundus,En-ConvNet ensemble of pre-trained CNNs with probability averaging and SVM final classifier,"diagnostic labels from public retinal image databases: DRISHTI-GS1, ORIGA, RIM-ONE2, LAG, and ACRIMA",internal,no,glaucomatous optic neuropathy,63.34,,
Chuter (2026),Chuter (2026),2026,United States,North America,research,retrospective,1098,668,430,60.3,58.8,multimodal,"RETFound; unimodal CFP RETFound, unimodal OCT RETFound, multimodal CFP + OCT RETFound","Photograph-based glaucomatous optic neuropathy on masked expert color fundus photograph review, with or without repeatable glaucomatous visual field damage; healthy eyes required no glaucomatous CFP damage, no glaucomatous VF damage, and IOP <22 mmHg",internal,unclear,glaucomatous optic neuropathy,60.8,,
Eswari (2024),Eswari (2024),2024,Germany; Japan; n/r,mixed,research,retrospective,1465,296,724,n/r,n/r,fundus,TernausNet with FRCNN/AFRCNN/SVM/AAASVM,public dataset labels; n/r,external,no,any,29.02,,
Bowd (2023),Bowd (2023),2023,United States,North America,research,cross-sectional,593,463,130,"67.1 calculated from group means; healthy 52.1, glaucoma 71.3","55.3 calculated from group percentages; healthy 62.1, glaucoma 53.4",multimodal,"VGG-16 CNN models using OCT-derived texture-based en face images, RNFL thickness maps, and cSLO images; multimodal VGG-16 CNN combinations","DIGS conventional standard: glaucomatous visual field loss with corresponding optic disc/parapapillary damage on stereophotographs graded by masked trained observers with adjudication; healthy controls required normal IOP, normal optic discs/RNFL, and normal reliable visual fields",internal,yes,POAG,78.1,,
Lin (2022)b,Lin (2022),2022,United States; China,mixed,research,mixed,41222 images,3986 images,37236 images,n/r,n/r,fundus,POAGNet Siamese neural network; DenseNet-201; EfficientNetB0; MobileV2; ResNet-50; POAGNet absolute distance; POAGNet without side output,"Reading-center/expert grading of optic disc photographs and clinical/visual-field criteria; OHTS labels from optic disc reading center and endpoint committee, SIG labels annotated with glaucomatous optic neuropathy criteria",both,no,POAG,9.67,,
Christopher (2020),Christopher (2020),2020,United States; Japan; Spain,mixed,mixed,mixed,1950,921,1029,subgroup means 51.7-78.7 years; ACRIMA n/r,subgroup means 45.1-68.4; ACRIMA n/r,fundus,"UCSD ResNet50 and UTokyo ResNet34 deep learning classifiers; ImageNet pretrained; original, sequential, and combined training strategies",Dataset-specific: DIGS/ADAGES stereoscopic fundus photograph grading by certified graders with consensus/adjudication; MRCH/Iinan/Hiroshima expert review of fundus plus OCT by glaucoma specialists; ACRIMA single glaucoma expert fundus-photo review,both,yes,glaucomatous optic neuropathy,47.2,,
Sivakumar (2025),Sivakumar (2025),2025,mixed public datasets,mixed,research,retrospective,2874,1120,1754,n/r,n/r,multimodal,Vision Transformer/ResNet50 hybrid models with clinical biomarker fusion using Random Forest,dataset labels from SMDG-19/PAPILA; clinical reference standard not otherwise reported,internal,no,any,39.0,,
Gaddipati (2021),Gaddipati (2021),2021,India; Netherlands; mixed public datasets,mixed,research,retrospective,2168,927,1241,n/r,n/r,fundus,Fefu model; Ff fundus-feature network; Ff-o fundus-to-OCT mapped feature network; OCT-Capsule network; DE-Net; MNet,eye/image-level glaucoma diagnosis for private dataset; public dataset labels; ICD-9 CDR rule for CDR-based comparison,both,no,any,42.76,,
Camacho-Garcia-Forment (2025),Camacho-García-Formentí (2025),2025,Mexico,North America,hospital,cross-sectional,245,46,199,59.1 (SD 15.7),66.0,fundus,retinIA v3.3.1; U-Net optic disc/cup segmentation for CDR estimation with Inception V3-based quality/retinal image analysis,Average cup-to-disc ratio annotated by three ophthalmologists on fundus images; glaucoma suspect defined as CDR >=0.6 or inter-eye CDR difference >0.2,external,yes,glaucomatous optic neuropathy,18.8,,
Garcia (2021),Garcia (2021),2021,Spain,Europe,hospital,retrospective,719,311,408,circ-DB-1: 55.95; circ-DB-2: 60.82; vol-DB-3: 50.13,circ-DB-1: 57.47; circ-DB-2: 56.78; vol-DB-3: 55.50,OCT,RAGNet-VGG16/VGG19 feature extractor; CNN-LSTM volume-based model with sequential-weighting module,"Expert ophthalmologist diagnosis using European guideline-based glaucoma assessment including IOP, gonioscopy, optic nerve head assessment, visual field testing, OCT RNFL/GCIPL assessment; glaucoma visual field defects considered sufficient when repeatable",both,no,any,43.25,,
Fu (2018),Fu (2018),2018,Singapore,Asia,community,cross-sectional,7459,159,7300,n/r,n/r,fundus,Disc-aware Ensemble Network (DENet),Dataset glaucoma labels from SCES and SINDI; diagnostic criteria not reported,external,yes,any,2.13,,
Govindharaj (2025),Govindharaj (2025),2025,n/r,n/r,research,retrospective,650,168,482,n/r,n/r,fundus,Grey Wolf Optimization optimized U-Net++ segmentation with Capsule Network classifier (GWOA-UNet++ + CapsNet),ORIGA dataset labels/ground truth; clinical diagnostic reference standard n/r,internal,no,any,25.8,,
Haider (2022),Haider (2022),2022,mixed,mixed,research,cross-sectional,n/r,n/r,n/r,n/r,n/r,fundus,SLS-Net; SLSR-Net; ResNet-18; ResNet-50,expert-annotated public retinal fundus image datasets; glaucoma labels not further specified,both,no,any,n/r,,
Sangeethaa (2023),Sangeethaa (2023),2023,mixed/public datasets plus India real-time dataset,mixed,mixed,retrospective,2937,897,2040,n/r,n/r,fundus,U-Net segmentation with proposed hybrid PolyNet classifier,Ophthalmologist labels for normal/glaucomatous images and glaucoma severity; manual OD/OC masks by ophthalmologists,internal,no,any,30.5,,
Juneja (2022),Juneja (2022),2022,India,Asia,research,retrospective,1110,847,263,n/r,n/r,OCT,"Fused framework using k-NN, SVM, Random Forest, 3D-CNN, major voting and weighted decision fusion",public OCT dataset labels for normal vs POAG; specific clinical reference standard n/r,internal,no,POAG,76.3,,
Hassan (2019),Zheng (2020),2019,South Korea; external RIM-ONE r3 public dataset,mixed,hospital,retrospective,379,239,140,n/r,n/r,fundus,"Medinoid; VGG-16, ResNet-152, and Inception-v4 CNN models with Grad-CAM localization",ophthalmologist labels/clinical diagnosis at Samsung Medical Center; external RIM-ONE r3 dataset labels,both,no,any,63.1,,
Bajwa (2019),Bajwa (2019),2019,Singapore,Asia,research,retrospective,650,168,482,n/r,n/r,fundus,Two-stage faster R-CNN optic disc localization plus deep CNN glaucoma classifier,ORIGA dataset glaucoma/healthy labels with manual optic disc/cup segmentation and CDR annotations,internal,no,any,25.8,,
Hemelings (2020),Hemelings (2020),2020,Belgium,Europe,mixed,retrospective,1775 patients / 7038 images,1353 patients / 6651 images before QC; test set 252 patients,491 individuals / 1782 images before QC; test set 102 patients,n/r,n/r,fundus,ResNet-50 CNN with transfer learning and active learning uncertainty sampling,"Clinical glaucoma diagnosis from full ophthalmologic examination by glaucoma experts, including neuroretinal rim/RNFL assessment with OCT or confocal scanning laser ophthalmoscopy, tonometry, and visual field testing when available",internal,no,any,71.2% patient-level in test set; 71.1% image-level in test set,,
Pascal (2022),Pascal (2022),2022,n/r,n/r,research,retrospective,1200,n/r,n/r,n/r,n/r,fundus,MTL-IO multi-task U-Net / VGG-16-based deep learning model,"REFUGE Challenge expert annotations for glaucoma diagnosis, optic disc/cup segmentation, and fovea localization",internal,no,any,n/r,,
Hung (2022),Hung (2022),2022,Taiwan,Asia,hospital,retrospective cross-sectional,1851,644,1207,Healthy 48.33; GON binary 61.22; NTG 60.1; HTG 61.87,Healthy 50.9%; NTG 50.0%; HTG 44.2%,fundus,EfficientNet-b0 CNN via AutoDL API / MAIA software,Anderson visual field criteria plus documented glaucomatous optic nerve/RNFL/OCT/fundus findings by clinical diagnosis,internal,yes,glaucomatous optic neuropathy,34.8,,
Hwang (2023),Hwang (2023),2023,India; Spain; Singapore; China; unknown,mixed,mixed,cross-sectional,3142,988,2154,n/r,n/r,fundus,Vision Transformer (ViT); ResNet-50 CNN,"Dataset-provided ground truth labels for glaucomatous optic neuropathy/control; expert labeling/clinical annotations for most datasets, ORIGA algorithm-based, sjchoi86-HRF unknown",internal,no,glaucomatous optic neuropathy,31.4,,
Akter (2022),Akter (2022),2022,Australia,Oceania,research,retrospective,255,125,130,normal 55.11; glaucoma 55.42,normal 51%; glaucoma 31%; overall 43.2%,multimodal,"Logistic regression, custom deep learning model, ResNet18, VGG16","clinical glaucoma diagnosis/stage labeling according to Mills et al. criteria using standard clinical tests including tonometry, fundoscopy, perimetry/visual fields, pachymetry and OCT scans",internal,no,POAG,49.0,,
Guo (2022),Guo (2022),2022,China; Singapore; India; Spain; multi-source RIGA,mixed,research,retrospective,9043,4211,4071,n/r,n/r,fundus,"DSLN dual-tutor student learning network (CycleGAN inter-image tutor, EMA intra-image tutor, modified ResNet50 backbone with Faster R-CNN optic disc localization)",Public dataset glaucoma labels/gold standards from ophthalmologists or qualified glaucoma experts,external,no,any,50.85 among labeled normal/glaucoma images; RIGA unlabeled excluded,,
Jan (2024),Jan (2024),2024,United Kingdom,Europe,research,retrospective,900 images,294,606,n/r,n/r,fundus,Convolutional neural network based on Inception-v3 architecture,"Consensus grading by a panel of two glaucoma specialists, with third specialist adjudication for discrepancies",external,no,glaucomatous optic neuropathy,32.7,,
Sharma (2025),Sharma (2025),2025,Japan plus mixed public datasets (AIROGS/REFUGE/ODIR/Chaksu),mixed,mixed,retrospective,8370,4185,4185,Miyagi cohort: normal 54.08 +/- 15.06; glaucoma 61.87 +/- 10.36; other cohorts n/r,Miyagi cohort: normal 44.4; glaucoma 47.8; other cohorts n/r,fundus,AI-GS network; MTL_LWBNA-unet; cupping parameter FFCN; DH and RNFLD LWBNA classifiers; DH mask-assisted classifier,"Dataset labels and ophthalmologist diagnosis; THU glaucoma/normal labels used OCT, fundus photography, visual field and IOP specialist assessment; Miyagi labels by screening ophthalmologist",both,yes,any,50.0,,
Sun (2021),Sun (2021),2021,Japan,Asia,hospital,retrospective,954 eyes,798 eyes,156 eyes,n/r,n/r,OCT,"VGG-16 CNN with flat classification, hierarchical classification, hierarchy transfer learning, multiple-input CNN, and stacking ensemble/SVM metamodels",Images reviewed and labelled by two glaucoma specialists; glaucomatous eyes classified by optic disc morphology according to Nicolela classification,internal,yes,glaucomatous optic neuropathy,83.6,,
Jan (2025),Jan (2025),2025,Australia,Oceania,screening,prospective,277,20,257,64.8,44.4,fundus,AI Workstation using automated non-mydriatic fundus photography and Inception-v3 deep learning glaucoma algorithm,"Independent manual grading of fundus photographs by two AHPRA-registered optometrists, with disagreements adjudicated by a licensed ophthalmologist; referable glaucoma/ung radable referral outcome treated as positive",external,yes,glaucomatous optic neuropathy,7.2,,
Hernandez (2026),Hernandez (2026),2026,Spain,Europe,hospital,retrospective,739,n/r,n/r,n/r,n/r,fundus,ViT-B/16; SPiT; SpxViT_fix; SpxViT_var,"Ophthalmology specialist diagnosis using clinical criteria, primarily cup-to-disc ratio >0.7 plus findings including elevated intraocular pressure, visual field defects, and structural optic nerve head abnormalities; disc/cup segmentations by glaucoma specialists for explainability analysis",internal,no,any,n/r,,
Sanghavi (2024),Sanghavi (2024),2024,mixed,mixed,research,retrospective,3115,1151,1964,n/r,n/r,fundus,"SLIC + normalized graph cut optic disc segmentation with 13-layer CNN classifier; comparison models VGG19, InceptionV3, ResNet50V2",public dataset ground-truth labels for normal vs glaucomatous images,internal,no,any,36.95,,
Zheng (2020),Zheng (2019),2019,China,Asia,hospital,prospective,1603 images,740 images,863 images,"Testing: normal 53.57, glaucoma 50.70; training: normal 41.84, glaucoma 49.54",Testing: 39.2%; training: 45.7%,OCT,Inception-V3 CNN transfer learning model,Glaucoma defined by glaucomatous optic nerve head appearance on color fundus photographs regardless of visual field defects; visual field criteria also described,internal,no,glaucomatous optic neuropathy,49.0,,
Singh (2023),Singh (2023),2023,n/r,Asia,research,retrospective,1850,n/r,n/r,n/r,n/r,fundus,"Handcrafted structural and non-structural fundus features with PSO, ABC, BCS, or PSO-ABC feature selection and RF/SVM/ensemble classifiers",ORIGA and REFUGE benchmark dataset labels; exact diagnostic adjudication not reported,internal,no,any,n/r,,
Kanwar (2026),Kanwar (2026),2026,n/r,mixed,research,retrospective,212,80,132,n/r,n/r,fundus,Refined blur map with Energy Mask R-CNN optic disc/cup segmentation and cyclic code-based LSTM classification,public dataset labels/expert optic disc and cup annotations; exact clinical diagnostic reference standard n/r,both,no,other,37.7,,
Chaurasia (2025),Chaurasia (2025),2025,mixed,mixed,mixed,retrospective,18468,7568,10900,n/r,n/r,fundus,vgg19_bn convolutional neural network,public dataset labels; Drishti-GS ground truth constructed by four experts with 3-20 years clinical experience for external validation,both,no,any,40.98,,
Al-Aswad (2019),Al-Aswad (2019),2019,Singapore,Asia,research,retrospective,100,50,50,58 +/- 11,n/r,fundus,Pegasus (Visulytix Ltd; ResNet-50 CNN optic disc abnormality classifier),"Original SiMES clinical diagnosis using Goldmann applanation tonometry, visual field tests, slit-lamp biomicroscopy, optic disc imaging, and digital lens photography; glaucoma defined as VCDR >=0.7 with associated functional visual loss or VCDR >=0.6 with disc notch",external,yes,glaucomatous optic neuropathy,50,,
Ko (2022),Ko (2022),2022,Taiwan; India; Spain,mixed,mixed,retrospective,1658,827,831,n/r,n/r,fundus,EfficientNet B3 convolutional neural network,"Expert-labelled glaucoma/normal status; TVGH POAG based on optic nerve head changes, reproducible visual field defects, normal open angle on gonioscopy, and RNFL/clinical assessment; DRISHTI-GS1 and RIM-ONE r2 by majority expert opinion; CHGH and TVGH by consensus of two experts with clinical information",both,no,glaucomatous optic neuropathy,49.9,,
Kulkarni (2025),Kulkarni (2025),2025,n/r,n/r,research,retrospective,20000,n/r,n/r,n/r,n/r,fundus,"OGFA+CNN (Optimized Graph Filter Augmentation plus CNN/HCNN); comparator CNN, LSTM, Ensemble CNN, OGFA, and Proposed+OGFA models",dataset ground-truth labels for 11 fundus/DR disease classes; glaucoma-specific clinical reference standard n/r,internal,no,other,n/r,,
El-Nimri (2023),El-Nimri (2023),2023,United States,North America,research,cross-sectional,476,382,94,70.8 (calculated from stratified participant means),56.7,OCT,Spectralis OCT Glaucoma Module Premium Edition reference-database diagnostic classification for RNFLT and BMO-MRW (not an AI/ML model),"Glaucoma: glaucomatous visual field damage on at least 2 consecutive reliable abnormal Humphrey 24-2 VF tests with PSD outside 95% normal limits or GHT outside 99% normal limit. Controls: normal-appearing optic discs/rims, IOP <=21 mm Hg, no elevated IOP history, and at least 2 reliable normal 24-2 VF results.",external,yes,POAG,80.3,,
Lau (2025),Lau (2025),2025,USA,North America,mixed,retrospective,629,233,396,Clear G 59.8; Pattern ON-G 68.5; H-test 46.2,Clear G 54; Pattern ON-G 57; H-test 57,OCT,ImageNet-pretrained ResNet-50 DLM using OCT Hood reports; DLM Index averaged over five model runs,"Clear G: clinician diagnosis using OCT, visual fields, fundus photos, and clinical examination plus OCT expert review; Pattern ON-G: two OCT experts using reading-center OCT report method; healthy controls: commercial normative reference database based on visual fields, fundus photos, history, and clinical examination",both,yes,glaucomatous optic neuropathy,37.0,,
Rogers (2019),Rogers (2019),2019,Netherlands,Europe,research,retrospective,94,48,46,n/r,n/r,fundus,"Pegasus v1.0, Visulytix Ltd.; CNN-based system including ResNet-50 classifier","Glaucoma specialist diagnosis based on optic disc appearance and reproducible visual field defects, with clinical information including intraocular pressure and family history; healthy controls and ocular hypertension classified as non-glaucoma",external,yes,glaucomatous optic neuropathy,51.1,,
Shibata (2018),Shibata (2018),2018,Japan,Asia,hospital,retrospective,110,61,49,60.8,58.2,fundus,"ResNet deep residual learning algorithm; comparison models included CNN-16/VGG16-like CNN, random forest, and support vector machine",Independent diagnosis by three glaucoma specialists using fundus photographs and OCT images; cases excluded if specialists did not agree,both,yes,glaucomatous optic neuropathy,55.5,,
Kim (2020),Kim (2020),2020,South Korea,Asia,hospital,retrospective,2602,2058,544,58.0,n/r,OCT,VGG-19 CNN deep learning system using SD-OCT RNFL/GCIPL thickness and deviation maps; ResNet-34 comparator reported for RNFL thickness map AUC only,"Two glaucoma specialists diagnosed glaucoma/control from optic disc photographs, red-free RNFL photographs, and visual fields; discrepancies resolved by consensus. POAG required open angle, glaucomatous optic nerve/RNFL changes, and glaucomatous visual field defect confirmed on at least two consecutive visual field tests.",both,no,POAG,79.1,,
Li (2022),Li (2022),2022,China,Asia,hospital,prospective,1585,368,1217,mean 53.19; median 56.00,43.22,fundus,Automated fundus screening algorithm / automated fundus screening software,Two certified ophthalmologists graded fundus images; disagreements arbitrated by a senior ophthalmologist. Glaucoma suspect defined from suspected glaucoma hallmarks on fundus images.,external,yes,other,23.2,,
Wang (2020),Wang (2020),2020,"Hong Kong, China; USA",mixed,hospital,retrospective,6108,3732,2376,n/r,n/r,OCT,2D-ResNet-SEMT semi-supervised multi-task learning network; comparator CNN/ResNet models,Two glaucoma specialists labeled OCT images as glaucoma/normal using visual field tests and other clinical records; senior specialist adjudicated disagreements,both,no,any,61.1,,
Wei (2025),Wei (2025),2025,China,Asia,hospital,retrospective,6152,296,5856,45 median (range 6-95),50.4,fundus,Comprehensive AI Retinal Expert (CARE) system,Double-blind review of color fundus images by two associate chief ophthalmologists specializing in retinal diseases; disagreements adjudicated by a third chief ophthalmologist,external,unclear,other,4.8,,
Liao (2020),Liao (2020),2020,Singapore,Asia,research,retrospective,650,168,482,n/r,n/r,fundus,EAMNet,clinical glaucoma diagnosis in ORIGA dataset with manual optic disc/cup labels for segmentation,internal,no,any,25.85,,
Li (2021),Li (2021),2021,China and Japan,Asia,mixed,retrospective,22179,4269,17910,55.8 (weighted from reported dataset means),48.5,fundus,"Deep learning system using InceptionResNetV2 CNN, ImageNet-pretrained, TensorFlow","Consensus grading by three board-certified glaucoma specialists; disagreements adjudicated by a senior glaucoma specialist; referable GON based on optic disc/RNFL criteria including VCDR >=0.7, rim width <=0.1 disc diameter, retinal nerve fibre layer defect/localised notch, or disc splinter haemorrhage",both,yes,glaucomatous optic neuropathy,19.2,,
Xu (2021)b,Xu (2021)b,2021,China,Asia,hospital,retrospective,9855 images,4859 images,4996 images,training 52.6; validation 1 51.9; validation 2 53.8; validation 3 54.3,training 54.6; validation 1 49.7; validation 2 51.9; validation 3 48.2,fundus,"Hierarchical deep learning system (HDLS): Inception-v3 pre-diagnosis classification network, U-Net segmentation networks, SVM/decision-tree final diagnosis using RNFLD, MCDR and ISNT score",Two-tier grading of fundus photographs by trained graders and senior glaucoma specialists; glaucoma specialists classified glaucomatous optic neuropathy using fundus images according to defined clinical criteria,both,unclear,glaucomatous optic neuropathy,47.9,,
Shibata (2018),Shibata (2018),2018,China,Asia,hospital,retrospective,8000,1967,6033,n/r,n/r,fundus,Inception-v3 deep convolutional neural network,Consensus grading of color fundus photographs by trained ophthalmologists; referable GON defined as suspect or certain GON based on optic disc/RNFL criteria,internal,yes,glaucomatous optic neuropathy,24.6,,
MacCormick (2019),MacCormick (2019),2019,Singapore; Spain,mixed,research,cross-sectional,809,207,586,n/r,n/r,fundus,spatial probabilistic cup-to-disc ratio profile algorithm; automated optic cup/disc segmentation FCN,clinical glaucoma diagnosis in ORIGA/SiMES and RIM-ONE public datasets; expert optic disc/cup segmentation for segmentation ground truth,both,no,glaucomatous optic neuropathy,25.6,,
Hemelings (2023),Hemelings (2023),2023,"mixed: external datasets from Australia, Germany, United States, Singapore, China, and Spain; model-development data from Belgium",mixed,mixed,mixed,149455,n/r,n/r,n/r,n/r,fundus,G-RISK; custom ResNet-50 convolutional neural network regression model; comparator binary classification CNN,"Dataset-specific glaucoma ground truth labels, including expert clinical/ophthalmic assessment, VCDR or ISGEO-based cohort definitions, and public challenge labels; thresholded as referable/suspected glaucoma where applicable",external,yes,glaucomatous optic neuropathy,1.08-56.17,,
Thakoor (2021)b,Thakoor (2021),2021,USA,North America,mixed,retrospective,872,n/r,n/r,n/r,n/r,OCT,"Hybrid DL/ML models and end-to-end CNNs using OCT RNFL probability maps: Conv+FC, Conv+RF, VGG-16+RF, ResNet-18+RF, InceptionV3+RF, DenseNet-121+FC, CNN ensemble, VGG-16+FC, ResNet-18+FC, InceptionV3+FC",OCT expert grading of full OCT reports; score <50 classified as nonglaucomatous and >50 as glaucomatous,both,no,glaucomatous optic neuropathy,n/r,,
Bisneto (2020),Bisneto (2020),2020,India and Spain,mixed,research,retrospective,556,270,286,n/r,n/r,fundus,"cGAN/Pix2Pix optic disc segmentation with taxonomic diversity and taxonomic distinction texture descriptors; classifiers: MLP, SMO, Random Forest",specialist-labeled public dataset diagnoses and optic disc/cup markings,internal,no,any,48.6,,
Qiu (2025),Qiu (2025),2025,China,Asia,hospital,retrospective,1054,509,545,n/r,n/r,multimodal,"CNN ensemble using Swin_base_patch4_window7_224_in22k, Inception ResNet V2, Inception V3 and Xception with model ensemble and back-end mean fusion","POAG diagnosis based on fundus photography, OCT, standard automated perimetry and medical history, requiring glaucomatous optic nerve damage and reproducible visual field abnormalities with open angles and no alternative explanation",internal,no,POAG,48.3,,
Bisneto (2020),Bisneto (2020),2020,mixed public datasets,mixed,research,retrospective,2482,706,1776,n/r,n/r,fundus,"GFI-C glaucoma CAD classifier with MobileNetV2 backbone; variants with VGG16, VGG19, InceptionV3, and ResNet50",original public dataset glaucoma/no-glaucoma labels; specific clinical reference standard n/r,internal,no,any,28.4,,
Mariottoni (2021),Mariottoni (2021),2021,USA,North America,hospital,retrospective cross-sectional,2118,1061,1057,62.8 glaucoma; 52.9 normal,48.8 glaucoma; 70.3 normal,fundus,Deep learning model using ResNet50,Objective definition of glaucomatous optic neuropathy based on corresponding SDOCT RNFL abnormality and SAP abnormality,internal,yes,glaucomatous optic neuropathy,50.1,,
Maetschke (2021),Garcia (2021),2021,Spain,Europe,hospital,retrospective,320,144,176,50.13 +/- 15.54,55.50,OCT,"RAGNet residual-attention CNN feature extractor; CNN-LSTM volume model with sequential-weighting module; VGG16/VGG19, OS3D/OS2D LSTM variants, and replicated Maetschke et al. and Ran et al. models","Expert ophthalmologist diagnosis using European glaucoma guideline protocol including IOP by Goldmann applanation tonometry, central corneal thickness, gonioscopy, slit-lamp optic nerve head assessment, standard automated perimetry, and OCT/HRT RNFL and ganglion cell layer assessment",both,no,POAG,45.0,,
Muhammad (2017),Muhammad (2017),2017,United States,North America,hospital,cross-sectional,102,57,45,n/r,n/r,OCT,Hybrid deep learning model using pretrained AlexNet feature extraction and random forest classifier,"Consensus classification by two glaucoma specialists using 24-2 and 10-2 visual fields, fundus photographs, patient chart information, and a single-page OCT report; eyes judged glaucomatous/probably glaucomatous by both were cases and healthy/probably healthy by both were controls",internal,yes,glaucomatous optic neuropathy,55.9,,
Vali (2023),Vali (2023),2023,Iran; Thailand; United States; one public external dataset country n/r,mixed,mixed,cross-sectional,2183,828,1355,n/r,n/r,fundus,"OD-SEG optic disc segmentation plus ImageNet transfer-learning classifiers: DenseNet121, MobileNet, InceptionV3, VGG16, ResNet18, Vision Transformer","Medical-record diagnosis by neuro-ophthalmologists and glaucoma specialists using optic disc, visual field, intraocular pressure, and clinical etiologic criteria",both,no,glaucomatous optic neuropathy,37.93,,
Nakahara (2022),Nakahara (2022),2022,Japan,Asia,hospital,cross-sectional,162,73,89,66.5,43.8,fundus,34-layer ResNet deep learning algorithm,Diagnosis by three glaucoma-specialist ophthalmologists based on Japan Glaucoma Society Guidelines using fundus photographs; VF results were not considered for testing diagnosis,external,yes,glaucomatous optic neuropathy,45.1,,
Shi (2024),Shi (2024),2024,China,Asia,hospital,retrospective,1338 images / 544 patients,761 images,577 images,control 48.3; probable GON 52.4; definite GON 62.9,control 55.8; probable GON 47.7; definite GON 43.3,fundus,"ARIA method using ResNet50 feature generation, penalised GLM feature selection, SVM and logistic regression classifiers",paired OCT optic disc and/or macula scan results plus ophthalmologist labelling of GON,internal,no,glaucomatous optic neuropathy,56.9,,
Sujithra (2024),Sujithra (2023),2023,Singapore and India,Asia,mixed,retrospective,8346,n/r,n/r,n/r,n/r,fundus,Gray Wolf Optimization with deep convolutional neural network-based ResNet50 transfer learning classifier; comparator models ResNet and VGG,dataset labels/clinical diagnosis; exact reference standard n/r,internal,no,any,n/r,,
Lin (2022),Lin (2022),2022,United States; China,mixed,mixed,mixed,42194,4032,38162,n/r,n/r,fundus,GlaucomaNet; DenseNet-201; ResNet-152; VGG-16; NASNetMobile; Xception; MobileNetV2; ResNet-50; ensemble methods,"OHTS: Visual Field Reading Center and Optic Disc Reading Center with masked adjudication/Endpoint Committee criteria; LAG: qualified glaucoma specialists using morphology, intraocular pressure, visual field loss, and manual optic disc assessment",internal,no,POAG,9.6 overall; OHTS 6.2; LAG 35.2,,
Bouris (2026),Bouris (2026),2026,United States; Spain,mixed,mixed,retrospective,2087,1432,655,66.8 (UCLA glaucoma cohort only),55.7 (UCLA glaucoma cohort only),fundus,Vision Transformer (ViT; vit-base-patch16-224-in21k) classifier with RimNet preprocessing; EfficientNetV2B0 comparator,"Optic disc photographs independently graded by two glaucoma specialists, with disagreements adjudicated by a third expert; grader labels used as ground truth",internal,no,POAG,68.6,,
Oh (2021),Oh (2021),2021,South Korea,Asia,hospital,retrospective,1624,975,649,56.9 ± 15.7,42.9,multimodal,"Support vector machine, C5.0, random forest, XGBoost; proposed web explanation system named Magellan","Diagnosis by three glaucoma specialists based on characteristic glaucomatous optic disc structural change accompanied by glaucomatous visual field defect; controls required normal ocular findings, no RNFL or visual field defects, and IOP ≤21 mmHg",internal,no,POAG,60.0,,
Juneja (2020),Juneja (2020),2020,India; RIM-One country n/r,mixed,research,retrospective,267,145,122,n/r,n/r,fundus,GC-NET; Xception; InceptionV3; ResNet50; DenseNet121; VGG16,Dataset ground-truth normal/abnormal labels; DRISHTI-GS disc/cup soft segmentation maps from researchers at IIIT Hyderabad with Aravind Eye Hospital; RIM-One labels glaucoma/non-glaucoma with cup/disc ground truth,internal,no,any,54.31,,
Pandey (2024),Pandey (2024),2024,mixed,mixed,research,retrospective,100,25,75,n/r,n/r,fundus,Deep convolutional ensemble of five InceptionV3 CNNs pretrained on ImageNet,Original public dataset disease labels/diagnoses as provided by source institutions; glaucoma images from glaucoma-labelled fundus datasets,external,no,any,25,,
Omar (2021),Omar (2021),2021,n/r,n/r,research,retrospective,499,297,202,n/r,n/r,multimodal,"GLAUDIA; logistic regression, random forest, SVM linear/poly/RBF, K-nearest neighbors, decision tree, Gaussian Naive Bayes, Bernoulli Naive Bayes, majority-voting ensemble, consensus ensemble",Diagnosis label in Kim et al. Dryad dataset; clinical reference standard not described,internal,no,POAG,59.5,,
Orlando (2020),Orlando (2020),2020,China,Asia,hospital,retrospective,400,40,360,n/r,55,fundus,"REFUGE Challenge glaucoma classification algorithms: VRT, SDSAIRC, CUHKMED, NKSG, Mammoth, Masker, SMILEDeepDR, BUCT, WinterFell, NightOwl, Cvblab, AIML; ground-truth vCDR benchmark; top-3 ensemble","Clinical diagnosis from comprehensive ophthalmologic evaluation including clinical records, follow-up fundus images, intraocular pressure, OCT and visual fields; glaucoma defined by optic nerve head damage with reproducible glaucomatous visual field defects.",internal,yes,glaucomatous optic neuropathy,10.0,,
Hemelings (2023),Hemelings (2023),2023,China,Asia,mixed,mixed,300,46,254,n/r,n/r,fundus,"Deep learning system (DLS), version 20,171,024, using Inception-v3 convolutional neural networks","Expert consensus reference standard from five glaucoma specialists; referable GON defined by VCDR >=0.7, rim width <=0.1 disc diameter, localized notches, RNFL defect and/or disc hemorrhage, with final label assigned when >50% of specialists agreed",external,no,glaucomatous optic neuropathy,15.3,,
Yang (2020),Yang (2020),2020,South Korea,Asia,hospital,retrospective,2675,106,2569,n/r,n/r,fundus,ResNet-50 convolutional neural network using Keras/TensorFlow with ImageNet transfer learning,"Two expert neuro-ophthalmologists with corroborative visual field testing and OCT; glaucoma criteria included progressive optic disc change, RNFL thinning, and repeatable glaucomatous visual field defect",internal,no,glaucomatous optic neuropathy,4.0,,
Jammal (2020),Jammal (2020),2020,United States,North America,hospital,cross-sectional,490 eyes/images from 370 subjects,210,280,60.5,52.7,fundus,Machine-to-machine deep learning algorithm; ResNet34 predicting SD-OCT RNFL thickness from fundus photographs,Repeatable glaucomatous visual field loss on standard automated perimetry,internal,no,glaucomatous optic neuropathy,42.9,,
Islam (2025),Islam (2025),2025,Bangladesh,Asia,hospital,retrospective,208,100,108,n/r,n/r,multimodal,ResNet-18 fundus-only model; custom CNN OCT-only model; dual-branch mid-level feature fusion model using fundus + OCT,Expert clinician diagnosis based on comprehensive clinical evaluation,internal,no,any,48.1,,
Ramzan (2019),Ramzan (2019),2019,Pakistan,Asia,hospital,cross-sectional,50,27,23,n/r,n/r,OCT,Automated ILM/RPE segmentation with computed cup-to-disc ratio threshold classification,Clinical CDR annotations by ophthalmologists; best reported comparison used senior ophthalmologist 4 as reference,internal,no,any,54,,
Zemborain (2020),Zemborain (2020),2020,United States,North America,hospital,prospective,100,64,36,55.5,35.0,OCT,none; OCT specialist human interpretation of Spectralis HRA+OCT scans,"Glaucoma specialist diagnosis of glaucomatous optic neuropathy using all available clinical information including family history, repeat visits, intraocular pressure, visual fields, and OCT",none,no,glaucomatous optic neuropathy,64.0,,
Asaoka (2019),Lee (2020),2019,Japan,Asia,hospital,mixed,196,114,82,58.0,61.7,OCT,deep learning convolutional neural network transfer model; random forest; support vector machine,Glaucomatous optic disc change confirmed by glaucoma specialists plus glaucomatous visual field change by Anderson-Patella criteria; open angle glaucoma with MD > -5 dB for testing dataset,external,no,POAG,58.2,,
Rasel (2024),Rasel (2024),2024,United States/United Kingdom,mixed,research,retrospective,n/r,n/r,n/r,n/r,n/r,OCT,"2D-ResNet18, 3D-ResNet18, 3D-DenseNet121, 3D-CNN-Encoder",ICD-10 code H40.1 for UK Biobank POAG; provided labels from Maetschke et al. ONH-OCT dataset,internal,no,POAG,n/r,,
Garcia-Lopez (2026),García-López (2026),2026,"mixed: Spain, Singapore, China, Bangladesh, Pakistan, Mexico, unknown",mixed,mixed,retrospective,163,31,132,n/r,n/r,multimodal,"CNN ensemble using CFP models ResNet50, DenseNet169, InceptionV3 and OCT models ResNet50, Xception, MobileNetV3 with MV, AV, MBWV, MBWVe, SVM stacking, and MLP fusion",Public dataset labels and ophthalmologist consensus; external datasets labeled by four ophthalmologists with suspicious cases excluded,both,no,any,19.0,,
Rodriguez-Robles (2023),Rodriguez-Robles (2023),2023,Spain,Europe,hospital,cross-sectional,208,47,161,61.61,64.9,multimodal,decision trees; support vector machines,"ophthalmologist classification of patients as healthy, glaucoma, or suspicious",internal,no,any,22.6,,
Phene (2019),Phene (2019),2019,United States; India; United Kingdom,mixed,mixed,retrospective,11193,1391,9802,median 57 years in validation A; median 64 years in validation B; n/r in validation C,53.2% in validation A; 4.7% in validation B; n/r in validation C,fundus,10-network Inception-v3 deep convolutional neural network ensemble,"Validation A: adjudicated fellowship-trained glaucoma specialist grading of fundus photographs; Validation B: glaucoma-related ICD/optic nerve head referral codes from VA teleretinal screening records; Validation C: glaucoma specialist diagnosis based on full glaucoma workup including history, clinical examination, visual field, and OCT",both,yes,glaucomatous optic neuropathy,12.4% overall validation; 18.1% validation A; 9.2% validation B; 81.7% validation C,,
Russakoff (2020),Russakoff (2020),2020,United States; Hong Kong; India,mixed,hospital,retrospective,1936,1135,801,US referable 68.25; US nonreferable 67.59; Hong Kong referable 65.9; Hong Kong nonreferable 65.27; India referable 63.84; India nonreferable 54.763,n/r,OCT,gNet3D 3D convolutional neural network; comparator Maetschke et al. 3D CNN framework,"Clinical labeling by glaucoma fellowship-trained ophthalmologist/specialists using chart review, fundus image, visual field, OCT RNFL/GCIPL parameters, IOP-lowering treatment history; senior glaucoma specialist arbitration for conflicts; external datasets labeled by glaucoma specialists as true glaucoma or true normal",both,yes,other: referable glaucoma,58.6,,
Civit-Masot (2020),Civit-Masot (2020),2020,India; Spain,mixed,research,retrospective,250,n/r,n/r,n/r,n/r,fundus,Dual system combining Generalized U-Net disc/cup segmentation with CDR feature extraction and MobileNetV2 transfer-learning fundus classification; ensemble fusion,Public dataset labels certified by a professional/ophthalmologist; manual disc/cup labels for segmentation ground truth,internal,no,any,n/r,,
Alryalat (2024),AlRyalat (2024),2024,China,Asia,research,retrospective,400,40,360,n/r,n/r,fundus,multimodal ChatGPT-4,REFUGE dataset labels; glaucomatous cases identified by optic nerve head damage and reproducible visual field defects,external,no,glaucomatous optic neuropathy,10,,
Senthil (2025),Senthil (2025),2025,India,Asia,hospital,prospective,213,162,51,55 ± 14.7,38,fundus,Medios Glaucoma AI integrated on Remidio Fundus on Phone FOP NM10 smartphone-based fundus camera,"Comprehensive glaucoma workup and final diagnosis by glaucoma specialist using clinical assessment, visual fields, SD-OCT, fundus/optic disc examination",external,yes,any,76.06,,
Serte (2021),Serte (2021),2020,n/r,n/r,research,retrospective,1542,756,786,n/r,n/r,fundus,"Graph-based saliency with CNN ensembles: AlexNet, ResNet-50, ResNet-152; fusion methods SP, PP, MV, SMP","Ahn et al. public fundus image dataset labels: no glaucoma, early glaucoma, advanced glaucoma",internal,no,any,49.0,,
Sanchez-Morales (2022),Sanchez-Morales (2022),2022,Spain and mixed public datasets,mixed,mixed,cross-sectional,2195,875,1320,n/r,n/r,fundus,CNN; CapsNet; convolutional denoising autoencoder (CDAE); K-NN soft-voting ensemble,Original public dataset labels for JOINT dataset; expert ophthalmologist diagnosis for PAPILA dataset,internal,no,any,39.9,,
Krishnaadithya (2021),Krishna Adithya (2021),2021,Singapore; India,Asia,mixed,retrospective,376,134,242,n/r,n/r,fundus,EffUnet-SpaGen,Expert/public dataset labels and manual optic disc/cup annotations from ORIGA and DRISHTI-GS1,both,no,any,35.6,,
Shen (2023),Shen (2023),2023,mixed public datasets; countries n/r,mixed,research,retrospective,8351,3340,5011,n/r,n/r,fundus,MG-Efficient Net; mask-guided EfficientNetV2-S using U-Net++/ResNet50 OD/OC segmentation masks,public dataset glaucoma diagnostic labels; specific diagnostic criteria n/r,internal,no,any,40.0,,
Shehryar (2020),Shehryar (2020),2020,Pakistan,Asia,hospital,cross-sectional,50,28,22,n/r,n/r,multimodal,H-CAD hybrid computer-aided diagnosis system using fundus HSF/HTF SVM modules and SD-OCT CDR module,AFIO ground-truth labels/clinical diagnosis annotated and validated by four ophthalmologists,both,no,any,56.0,,
Hirota (2020),Hirota (2020),2020,Japan,Asia,hospital,retrospective,337,207,130,n/r,n/r,fundus,"Fine-tuned VGG16 convolutional neural network; RGB, grayscale, and red/green/blue channel variants","Complete ophthalmological examination and review by a glaucoma specialist using Japan Glaucoma Society Guidelines; exams included OCT, IOP, Humphrey visual field, and visual acuity",both,yes,any,61.4,,
Schottenhamml (2021),Schottenhamm (2021),2021,Germany,Europe,hospital,retrospective,259,184,75,50.6,50.8,OCT-A,"CNNs: DenseNet121, DenseNet161, ResNet152, ResNeXt-50-32x4d, WideResNet-101-2; best models reported by plexus","standardized ophthalmological examination including intraocular pressure by Goldmann tonometry, fundus photography, automated visual field testing, OCT structural measures, and glaucoma registry diagnosis",internal,no,any,71.0,,
Shoukat (2023),Shoukat (2023),2023,n/r,mixed,research,retrospective,1940,585,1355,n/r,n/r,fundus,ResNet-50 CNN with grayscale preprocessing and data augmentation,"Public dataset ground-truth glaucoma labels/annotations from G1020, DRISHTI-GS, RIM-ONE, and ORIGA",internal,no,any,30.15,,
Chang (2021),Chang (2021),2021,Republic of Korea,Asia,screening,retrospective,6013,579,5434,55.7,45.4,fundus,"ResNet-50 deep learning models for referable glaucoma, increased cup-to-disc ratio, disc rim narrowing, and retinal nerve fiber layer defect","Three board-trained ophthalmologists annotated fundus images using ISGEO-based criteria; referable glaucoma was glaucoma suspect or glaucoma most likely based on vertical cup-to-disc ratio, disc rim narrowing, disc hemorrhage, or RNFLD",internal,yes,any,9.6,,
Sidhu (2024),Sidhu (2024),2024,India,Asia,hospital,retrospective,975,440,535,57.9,52.3,fundus,Lobe software using ResNet50V2 convolutional neural network,single senior glaucoma specialist grading color fundus photographs as normal optic nerve head or glaucomatous optic neuropathy,internal,no,glaucomatous optic neuropathy,45.1,,
Shyamalee (2024),Shyamalee (2024),2024,"mixed public datasets (RIM-ONE, ACRIMA, ORIGA, REFUGE, DRISHTI-GS)",mixed,research,retrospective,3598,1153,2445,n/r,n/r,fundus,Attention U-Net with modified ResNet50 backbone for optic disc/cup segmentation plus modified Inception V3 classifier; Grad-CAM and Grad-CAM++ explainability; GlaucoCare web application,public dataset labels/annotations by ophthalmologists or glaucoma/eye specialists,internal,no,any,32.05,,
Nugraha (2025),Nugraha (2025),2025,mixed public datasets,mixed,research,retrospective,12316,4767,7549,n/r,n/r,fundus,"InceptionV3, ResNet50, DenseNet121, and MobileNetV2 CNNs with binary cross-entropy, focal loss, and weighted binary cross-entropy; Grad-CAM used for visual explanation","Original labels from 19 public fundus datasets, usually assigned by trained graders, ophthalmologists, or glaucoma specialists from fundus photograph evaluation, sometimes supplemented by clinical data such as IOP or optic disc notes; no uniform confirmatory standard",internal,no,any,38.7,,
Chavan (2025),Chavan (2025),2025,Singapore for ORIGA; n/r for REFUGE and G1020,Asia,research,retrospective,2870,n/r,n/r,n/r,n/r,fundus,"GlaucoAttentNet / GlaucoAttent Net; comparator methods included UDA, Vision Transformer, Grad-CAM-based CNN, FGSA-HDNN, U-Net+TL, Ensemble+RF, AGSE Net, EfficientNet, SEDC","Public dataset ground-truth labels and expert annotations for glaucoma diagnosis and OD/OC segmentation in ORIGA, REFUGE, and G1020",internal,no,any,n/r,,
Gheisari (2021),Gheisari (2021),2021,Australia,Oceania,research,cross-sectional,695,379,316,Glaucoma 65.1; normal 47,44.5,fundus,"VGG16, ResNet50, VGG16+LSTM, ResNet50+LSTM","Clinical diagnosis by glaucoma specialist using dilated stereoscopic optic nerve head examination and standard automated perimetry; normals required normal visual field, normal ocular health, IOP <22 mmHg, and specialist confirmation",internal,no,any,54.5,,
Singh (2022),Singh (2022),2022,Spain,Europe,research,retrospective,110,25,85,53-54,53.8,fundus,"Customized particle swarm optimization (CPSO) with KNN, SVM, random forest, and decision tree classifiers using univariate and feature-importance feature selection",DRIONS-DB public dataset labels; optic-disc ground-truth markers created by two doctors,internal,no,any,23.1,,
Szanto (2025),Szanto (2025),2025,United States; Ireland; mixed international healthy/control sources,mixed,mixed,cross-sectional,7014,1839,5175,54.2,35,OCT,ResNet-3D-18 deep learning models using unsegmented 3D ONH OCT volumes: Model A full OCT volume; Model B peripapillary region only; Model C optic nerve head only,"Clinical diagnosis of glaucoma, NAION, optic neuritis, or healthy status from clinical records/trials/referral clinics; RNFL thickness used for eligibility/characterization",internal,unclear,any,26.2,,
Song (2025),Song (2025),2025,Taiwan,Asia,hospital,retrospective,1416,n/r,n/r,n/r,n/r,multimodal,Robust concatenated AI model combining CNN fundus-image model and ANN retinal-thickness model using WA_MT and WA_RNFL,Humphrey Field Analyzer visual field mean defect (V-MD) severity classification / clinical diagnosis,internal,no,other,about 40 early-stage glaucoma; about 60 all glaucoma including moderate/severe,,
Haider (2023),Haider (2023),2023,mixed public datasets,mixed,research,retrospective,1359,n/r,n/r,n/r,n/r,fundus,FBSS-Net; ResNet-18; ResNet-50; SLSR-Net,public dataset glaucoma labels and/or ground-truth OD/OC masks used for vCDR; clinical reference standard not reported,internal,no,any,n/r,,
Alasmari (2025),Alasmari (2025),2025,China,Asia,research,retrospective,288,142,146,n/r,n/r,fundus,YOLOv11 optic-disc ROI detection followed by U-Net backbones or MaskFormer Swin-Base OD/OC segmentation with vCDR-based glaucoma classification,REFUGE dataset binary glaucoma labels annotated by seven ophthalmologists and reviewed by one ophthalmologist,internal,no,any,49.31,,
Medeiros (2019),Medeiros (2019),2019,United States,North America,research,cross-sectional,2947,2070,877,test DTA groups: healthy 56.5±15.9; glaucoma 68.1±12.8,test DTA groups: healthy 59.1; glaucoma 45.2,fundus,ImageNet-pretrained ResNet34 deep convolutional neural network predicting SD-OCT average RNFL thickness from optic disc photographs,"Glaucoma defined by repeatable SAP visual field loss plus glaucomatous optic neuropathy on slit-lamp fundus examination; healthy controls had normal optic discs, no elevated IOP history, and normal SAP",internal,yes,glaucomatous optic neuropathy,70.2,,
Leonardo (2022),Leonardo (2022),2022,mixed,mixed,research,retrospective,3187,1102,2085,n/r,n/r,fundus,MobileNetV2; EfficientNetB0; CycleGAN-based RetinaQualEnhancer/RetinaQualDegrader augmentation,"Public dataset glaucoma labels from ORIGA, Drishti-GS, REFUGE, RIM-ONE and ACRIMA",internal,no,glaucomatous optic neuropathy,34.58,,
Upadhyaya (2025),Upadhyaya (2025),2025,India,Asia,screening,prospective,299,22,277,45 ± 14.4,52.2,fundus,Offline Medios AI-Glaucoma software integrated with Remidio Fundus-on-Phone FOP NM-10,"Tele-ophthalmologist diagnosis for the full 299-participant primary 2x2 analyses; glaucoma specialist comprehensive assessment with clinical examination, Humphrey visual field analysis, and OCT for the referred base-hospital subset",external,yes,any,7.4,,
Upadhyaya (2025b),Upadhyaya (2025b),2025,India,Asia,screening,prospective,299,22,277,45 ± 14.4,52.2,fundus,Medios AI-Glaucoma / Medios Glaucoma AI integrated with Remidio FOP NM-10,"Tele-ophthalmologist diagnosis from fundus images/history for full-cohort contingency tables; glaucoma specialist diagnosis using clinical examination, IOP/gonioscopy, Humphrey visual field, and OCT for referred subset",external,yes,any,7.4,,
Wang (2023),Wang (2023),2023,China,Asia,research,retrospective,100,50,50,40.64,n/r,multimodal,Mstnet; ResNet101 fundus branch; Video Swin Transformer OCT branch,"Labels assigned by ophthalmologists in GAMMA dataset as no glaucoma, early glaucoma, or moderate-to-severe glaucoma",internal,unclear,any,50,,
Wang (2021),Wang (2021),2021,"mixed public datasets (Spain, Germany, India)",mixed,research,retrospective,686,339,347,n/r,n/r,fundus,"Glaucoma-Net; transfer-learned AlexNet and VGG-16 using ONH fundus images, SFS-derived 3D topography maps, and augmented ONH images",Public dataset labels/annotations by more than one ophthalmology medical expert; specific clinical diagnostic criteria n/r,internal,no,any,49.4,,
Liu (2024),Liu (2024),2024,China,Asia,community,retrospective,1561,136,1425,66.94,53.9,OCT,"Multi-region and multi-scan-pattern OCT fusion model with attention multi-scan-pattern fusion module (AMSFM) and attention multi-region fusion module (AMRFM), ResNet18-based feature extractor","Expert classification as glaucoma or normal using comprehensive clinical evidence including visual field assessments, retinal layer thickness map, and other clinical indicators",internal,no,any,8.71,,
Sangchocanonta (2025),Sangchocanonta (2025),2025,Thailand,Asia,hospital,retrospective,9380,2591 confirmed glaucoma; 3837 including glaucoma suspects,5543 no glaucoma,n/r,n/r,fundus,DeiT-S vision transformer with polar transformation and pie augmentation; comparators ConvNeXt-S + local/polar + donut and DeiT-S + polar + donut,"Consensus/majority labels from at least 3 well-trained ophthalmologists; if no majority, an experienced supervisor assigned final diagnosis; DRISHTI-GS1 dataset labels for external test",both,no,any,27.62 confirmed glaucoma; 40.91 including glaucoma suspects,,
Lian (2024),Lian (2024),2024,mixed,mixed,research,retrospective,n/r,n/r,n/r,n/r,n/r,fundus,CNN-vision transformer using Inception-ResNet-v2 backbone,n/r,internal,unclear,other,n/r,,
Xu (2021),Xu (2021),2021,China,Asia,hospital,cross-sectional,1882,877,1005,n/r,52,fundus,Transfer Induced Attention Network (TIA-Net); CNN; VGG; GoogLeNet; ResNet; Chen et al.; Shibata et al.; HOS-LR; Wavelet-LR; Gabor-LR; HWG; NMD+CNN; SOD+CNN; NMD+Attention,Manual labels by professional ophthalmologists from Beijing Tongren Eye Center,both,no,any,46.6,,
Xu (2024),Xu (2024),2024,China,Asia,hospital,retrospective,523,113,410,47.3 +/- 18.27 training; 47.87 +/- 16.73 testing,44.0 training; 43.93 testing,multimodal,"Dual-modal fusion network using OCT ANN for 30-RNFL thickness and fundus Inception v3, with comparators ANN, Clock, ISNT, OD, ResNet50, VGG16","Two senior glaucoma specialists diagnosed glaucomatous optic neuropathy using fundus images and OCT reports; GON criteria included VCDR >=0.7, rim thinning, RNFL defects, or peripapillary hemorrhage",internal,no,glaucomatous optic neuropathy,21.61,,
Wang (2024),Liu (2024),2024,China,Asia,hospital,retrospective,4000,2000,2000,n/r,n/r,fundus,"ResNet152, DenseNet121, MobileNetV3_small, ShuffleNetV2_x0_5 transfer-learning CNN classifiers trained on fundus color photographs",Diagnosis and labeling by two professional ophthalmologists; glaucoma defined using ISGEO criteria,internal,no,any,50.0,,
Xiong (2025),Xiong (2025),2025,n/r,mixed,research,retrospective,179,47,132,n/r,n/r,fundus,Multi-GlaucNet,REFUGE and ACRIMA public dataset with/without glaucoma labels; diagnostic criteria not reported,internal,no,any,26.3,,
Luo (2021),Luo (2021),2021,China,Asia,research,retrospective,1259,259,1000,n/r,n/r,fundus,EfficientNet-B3 CNN with CLAHE preprocessing; proposed FCL-EfficientNet-B3 using focal loss plus correntropy-induced loss,OIA-ODIR dataset labels annotated by trained ophthalmologist,internal,unclear,any,20.6,,
Rao (2024),Rao (2024),2024,India,Asia,hospital,prospective,243,111,132,59 ± 12,49,fundus,Medios AI-Glaucoma integrated on Remidio NM-FOP 10 smartphone-based fundus camera; ResNet-50 based classification with disc localization/segmentation,Final diagnosis by glaucoma specialists following comprehensive glaucoma work-up; secondary comparisons used consensus image grading by glaucoma specialists,external,yes,any,45.7,,
Guo (2021),Guo (2021),2021,China,Asia,research,retrospective,250,75,175,n/r,n/r,fundus,MobileNetV2 transfer learning; comparators AlexNet and InceptionV3,public Kaggle fundus dataset labels verified by retinal specialists,internal,no,any,30.0,,
Surya (2023),Surya (2023),2023,India,Asia,mixed,prospective,1085,n/r,n/r,53.43,42.3,fundus,"Dr Noon AI system / SaMD, Medi Whale Inc.; modified VGG deep learning model",Ophthalmologist/glaucoma specialist grading of fundus photographs according to International Council of Ophthalmology glaucoma guidelines,external,yes,any,n/r,,
Atalay (2022),Atalay (2022),2022,Turkey,Asia,hospital,retrospective,558 primary glaucoma-detection images; source archive 9950 images from 5388 patients,320 primary DTA images,238 primary DTA normal images,55.9 calculated from reported sex-specific means,71,fundus,custom 2D CNN; ResNet-50; ResNet-101; VGG-19,"Two glaucoma specialists labeled fundus photographs as normal, glaucoma suspect, or glaucoma using predefined optic disc/RNFL criteria; disagreements adjudicated by a third senior ophthalmologist or majority vote",internal,no,any,57.3,,
Guo (2022)b,Guo (2022),2022,mixed,mixed,research,retrospective,7159,2199,4960,n/r,n/r,fundus,MTCLF,"glaucoma diagnostic labels from public datasets; LAG diagnosed by qualified glaucoma experts considering intraocular pressure, visual field and optic disc disease",both,no,any,30.7,,
Mansour (2021),Mansour (2021),2021,Spain; India,mixed,hospital,n/r,260,n/r,n/r,n/r,n/r,fundus,Perceptron based Convolutional Multi-Layer Neural Network with entropy-based CNN optic disc/cup segmentation and weighted least square holistic features,Public dataset labels/annotations: RIM-ONE annotated by two ophthalmologists; DRISHTI-GS optic cup/disc borders from four professionals,internal,no,any,n/r,,
Kui (2025),Kui (2025),2025,"mixed (Spain, China, Singapore, international datasets)",mixed,research,retrospective,2870,699,2171,n/r,n/r,fundus,"PK-Net: GloLocNet and BFNet using YOLOv5 optic-disc localization, ConvNeXt feature extraction, label-smoothed/triple loss, and Grad-CAM visualization",public dataset glaucoma labels/clinical diagnosis; optic disc/cup annotations where available,both,no,any,24.4,,
Xue (2022),Xue (2022),2022,China,Asia,hospital,retrospective,240,180,60,46.8,49.7,multimodal,"MFDL; ResNet-based DetectionNet and ClassificationNet; CFP-DL, VF-DL, DFC-DL comparators","Three experienced glaucoma experts classified normal, mild, moderate, and severe glaucoma according to American Academy of Ophthalmology guidelines; disagreements resolved by discussion to consensus; non-consensus samples excluded",internal,no,any,75.0,,
