"Covariate","Sens_Beta","Sens_LCI","Sens_UCI","Sens_Sig","Spec_Beta","Spec_LCI","Spec_UCI","Spec_Sig"
"prevalence","-0.0282009592252037","-0.309583780107446","0.235117697468228","NS","0.0750223048221818","-0.191512083428244","0.324420791211243","NS"
"economical","1.40131491760152","-4.12264348376694","7.08062280961837","NS","0.909470807120579","-4.38589964040522","6.2501210095453","NS"
"healthcare","-0.30872907805761","-0.841233266843153","0.219076760220805","NS","-0.0186785679881571","-0.545510646100067","0.489902278535998","NS"
"cameratype","-0.0528941550016728","-0.547343715218502","0.457285746217486","NS","-0.250638492017367","-0.706635796942213","0.22540305231848","NS"
"field","-0.2285850946792","-0.469717417472969","0.0560206147126323","NS","0.150571993824673","-0.128660535673194","0.436125556442793","NS"
"vendor","-0.287714857583997","-0.915649804170852","0.38146894668541","NS","-0.0182922357279368","-0.637880622537309","0.593995202050808","NS"
"gradable","0.0793524717531639","-0.0791700610136122","0.229727137074609","NS","-0.0863006853911532","-0.244981062729465","0.0722781699957772","NS"
"dilation","-0.0811801789003029","-0.535465675505054","0.370034907914483","NS","-0.0707873048326183","-0.492435840253144","0.382939455619958","NS"
"diagnostic criteria","0.102992822670049","-0.178576945941074","0.37626869538473","NS","-0.119830791658499","-0.378541721358805","0.14426113373337","NS"
